,flightno,actualflight,departtime,arrivetime,crawltime,discount,lowest_price,days_to_departure
635,9C8888,,13:15:00,16:05:00,2021-03-08 14:27:11,2.6,600,44
660,9C8888,,13:15:00,16:05:00,2021-03-09 14:37:55,2.6,600,43
665,9C8888,,13:10:00,16:05:00,2021-03-10 14:27:58,10.0,2330,42
704,9C8888,,13:10:00,16:05:00,2021-03-11 14:30:33,2.6,600,41
706,9C8888,,13:10:00,16:05:00,2021-03-12 14:07:17,2.6,600,40
730,9C8888,,13:10:00,16:05:00,2021-03-13 14:19:23,2.6,602,39
748,9C8888,,13:10:00,16:05:00,2021-03-14 14:43:43,2.6,606,38
773,9C8888,,13:10:00,16:05:00,2021-03-15 14:34:29,2.6,600,37
792,9C8888,,13:10:00,16:05:00,2021-03-16 14:30:53,3.1,720,36
815,9C8888,,13:10:00,16:05:00,2021-03-17 14:22:54,4.1,950,35
838,9C8888,,13:10:00,16:05:00,2021-03-19 14:40:12,4.1,950,33
875,9C8888,,13:10:00,16:05:00,2021-03-20 14:20:46,4.1,950,32
901,9C8888,,13:10:00,16:05:00,2021-03-21 14:43:57,4.1,950,31
926,9C8888,,13:10:00,16:05:00,2021-03-22 14:12:21,4.1,950,30
955,9C8888,,13:10:00,16:05:00,2021-03-23 14:37:13,4.1,950,29
1002,9C8888,,13:10:00,16:05:00,2021-03-24 14:45:38,4.1,950,28
1012,9C8888,,13:10:00,16:05:00,2021-03-25 13:56:23,4.1,950,27
1046,9C8888,,13:10:00,16:05:00,2021-03-26 14:41:35,4.1,950,26
1103,9C8888,,13:10:00,16:05:00,2021-03-28 22:53:34,4.1,950,24
1148,9C8888,,13:10:00,16:05:00,2021-03-29 14:40:57,4.1,950,23
1167,9C8888,,13:10:00,16:05:00,2021-03-30 14:12:45,4.1,950,22
1216,9C8888,,13:10:00,16:05:00,2021-03-31 13:57:35,4.1,950,21
1255,9C8888,,13:10:00,16:05:00,2021-04-01 13:45:59,4.1,950,20
1301,9C8888,,13:10:00,16:05:00,2021-04-02 14:02:21,4.1,950,19
1343,9C8888,,13:10:00,16:05:00,2021-04-03 14:10:37,4.1,950,18
1387,9C8888,,13:10:00,16:05:00,2021-04-04 13:42:35,4.1,950,17
1419,9C8888,,13:10:00,16:05:00,2021-04-05 13:58:08,4.1,950,16
1483,9C8888,,13:10:00,16:05:00,2021-04-06 14:08:54,4.1,950,15
1519,9C8888,,13:10:00,16:05:00,2021-04-07 13:57:15,4.1,950,14
1561,9C8888,,13:10:00,16:05:00,2021-04-08 14:23:30,3.6,840,13
1595,9C8888,,13:10:00,16:05:00,2021-04-09 14:07:02,3.6,840,12
1621,9C8888,,13:10:00,16:05:00,2021-04-10 13:44:26,4.1,960,11
1658,9C8888,,13:10:00,16:05:00,2021-04-11 13:43:21,4.1,960,10
1702,9C8888,,13:10:00,16:05:00,2021-04-12 14:32:55,4.1,960,9
1759,9C8888,,13:10:00,16:05:00,2021-04-13 14:19:03,4.1,960,8
1785,9C8888,,13:10:00,16:05:00,2021-04-14 13:44:01,4.1,960,7
1827,9C8888,,13:10:00,16:05:00,2021-04-15 13:44:22,4.1,960,6
1874,9C8888,,13:10:00,16:05:00,2021-04-16 14:27:56,4.1,960,5
1929,9C8888,,13:10:00,16:05:00,2021-04-17 13:39:36,4.1,960,4
1950,9C8888,,13:10:00,16:05:00,2021-04-18 13:44:01,4.1,960,3
1969,9C8888,,13:10:00,16:05:00,2021-04-19 13:36:06,4.1,960,2
2032,9C8888,,13:10:00,16:05:00,2021-04-20 14:24:48,4.1,950,1
2081,9C8888,,13:10:00,16:05:00,2021-04-21 14:25:00,4.1,950,0
1051,CA3208,HO1058,05:55:00,08:40:00,2021-03-26 14:41:35,5.1,1080,26
1098,CA3208,HO1058,05:55:00,08:40:00,2021-03-28 22:53:34,5.1,1080,24
1120,CA3208,HO1058,05:55:00,08:40:00,2021-03-29 14:40:57,4.6,1080,23
1172,CA3208,HO1058,05:55:00,08:40:00,2021-03-30 14:12:45,4.6,1080,22
1211,CA3208,HO1058,05:55:00,08:40:00,2021-03-31 13:57:35,4.6,1080,21
1250,CA3208,HO1058,05:55:00,08:40:00,2021-04-01 13:45:59,4.6,1080,20
1306,CA3208,HO1058,05:55:00,08:40:00,2021-04-02 14:02:21,4.6,1080,19
1348,CA3208,HO1058,05:55:00,08:40:00,2021-04-03 14:10:37,4.6,1080,18
1381,CA3208,HO1058,05:55:00,08:40:00,2021-04-04 13:42:35,4.6,1080,17
1424,CA3208,HO1058,05:55:00,08:40:00,2021-04-05 13:58:08,4.6,1080,16
1453,CA3208,HO1058,05:55:00,08:40:00,2021-04-06 14:08:54,4.6,1080,15
1512,CA3208,HO1058,05:55:00,08:40:00,2021-04-07 13:57:15,4.6,1080,14
1567,CA3208,HO1058,05:55:00,08:40:00,2021-04-08 14:23:30,4.6,1080,13
1616,CA3208,HO1058,05:55:00,08:40:00,2021-04-10 13:44:26,9.1,2120,11
1652,CA3208,HO1058,05:55:00,08:40:00,2021-04-11 13:43:21,4.6,1080,10
1708,CA3208,HO1058,05:55:00,08:40:00,2021-04-12 14:32:55,4.6,1080,9
1752,CA3208,HO1058,05:55:00,08:40:00,2021-04-13 14:19:03,4.6,1080,8
1791,CA3208,HO1058,05:55:00,08:40:00,2021-04-14 13:44:01,4.6,1080,7
1833,CA3208,HO1058,05:55:00,08:40:00,2021-04-15 13:44:22,4.6,1080,6
1880,CA3208,HO1058,05:55:00,08:40:00,2021-04-16 14:27:56,4.6,1080,5
1907,CA3208,HO1058,05:55:00,08:40:00,2021-04-17 13:39:36,4.6,1080,4
1963,CA3208,HO1058,05:55:00,08:40:00,2021-04-19 13:36:06,4.6,1080,2
2038,CA3208,HO1058,05:55:00,08:40:00,2021-04-20 14:24:48,4.6,1080,1
2053,CA3208,HO1058,05:55:00,08:40:00,2021-04-21 14:25:00,4.2,980,0
1058,CA3226,HO1120,12:15:00,14:55:00,2021-03-26 14:41:35,5.5,1156,26
1091,CA3226,HO1120,12:15:00,14:55:00,2021-03-28 22:53:34,5.5,1156,24
1126,CA3226,HO1120,12:15:00,14:55:00,2021-03-29 14:40:57,5.0,1156,23
1178,CA3226,HO1120,12:15:00,14:55:00,2021-03-30 14:12:45,5.0,1156,22
1204,CA3226,HO1120,12:15:00,14:55:00,2021-03-31 13:57:35,5.0,1156,21
1243,CA3226,HO1120,12:15:00,14:55:00,2021-04-01 13:45:59,5.0,1156,20
1313,CA3226,HO1120,12:15:00,14:55:00,2021-04-02 14:02:21,5.0,1156,19
1355,CA3226,HO1120,12:15:00,14:55:00,2021-04-03 14:10:37,4.6,1080,18
1374,CA3226,HO1120,12:15:00,14:55:00,2021-04-04 13:42:35,4.6,1080,17
1430,CA3226,HO1120,12:15:00,14:55:00,2021-04-05 13:58:08,4.6,1080,16
1460,CA3226,HO1120,12:15:00,14:55:00,2021-04-06 14:08:54,4.6,1080,15
1505,CA3226,HO1120,12:15:00,14:55:00,2021-04-07 13:57:15,4.6,1080,14
1574,CA3226,HO1120,12:15:00,14:55:00,2021-04-08 14:23:30,4.6,1080,13
1612,CA3226,HO1120,12:15:00,14:55:00,2021-04-10 13:44:26,9.4,2196,11
1645,CA3226,HO1120,12:15:00,14:55:00,2021-04-11 13:43:21,5.0,1156,10
1715,CA3226,HO1120,12:15:00,14:55:00,2021-04-12 14:32:55,5.0,1156,9
1761,CA3226,HO1120,12:15:00,14:55:00,2021-04-13 14:19:03,5.0,1156,8
1776,CA3226,HO1120,12:15:00,14:55:00,2021-04-14 13:44:01,5.0,1156,7
1841,CA3226,HO1120,12:15:00,14:55:00,2021-04-15 13:44:22,5.8,1346,6
1886,CA3226,HO1120,12:15:00,14:55:00,2021-04-16 14:27:56,5.8,1346,5
1900,CA3226,HO1120,12:15:00,14:55:00,2021-04-17 13:39:36,5.8,1346,4
1995,CA3226,HO1120,12:15:00,14:55:00,2021-04-19 13:36:06,4.9,1156,2
2007,CA3226,HO1120,12:15:00,14:55:00,2021-04-20 14:24:48,4.9,1156,1
2060,CA3226,HO1120,12:15:00,14:55:00,2021-04-21 14:25:00,5.8,1346,0
626,CA4501,,16:30:00,19:30:00,2021-03-07 14:33:24,4.2,900,45
644,CA4501,,16:30:00,19:30:00,2021-03-08 14:27:11,4.2,900,44
661,CA4501,,16:30:00,19:30:00,2021-03-09 14:37:55,4.2,900,43
672,CA4501,,16:30:00,19:30:00,2021-03-10 14:27:58,5.7,1210,42
697,CA4501,,16:30:00,19:30:00,2021-03-11 14:30:33,4.8,1010,41
713,CA4501,,16:30:00,19:30:00,2021-03-12 14:07:17,4.8,1010,40
739,CA4501,,16:30:00,19:30:00,2021-03-13 14:19:23,4.8,1010,39
755,CA4501,,16:30:00,19:30:00,2021-03-14 14:43:43,4.8,1010,38
780,CA4501,,16:30:00,19:30:00,2021-03-15 14:34:29,4.8,1010,37
799,CA4501,,16:30:00,19:30:00,2021-03-16 14:30:53,4.8,1010,36
822,CA4501,,16:30:00,19:30:00,2021-03-17 14:22:54,5.7,1210,35
843,CA4501,,16:30:00,19:30:00,2021-03-19 14:40:12,5.7,1210,33
884,CA4501,,16:30:00,19:30:00,2021-03-20 14:20:46,5.7,1210,32
910,CA4501,,16:30:00,19:30:00,2021-03-21 14:43:57,5.7,1210,31
917,CA4501,,16:30:00,19:30:00,2021-03-22 14:12:21,5.7,1210,30
943,CA4501,,16:30:00,19:30:00,2021-03-23 14:37:13,5.7,1210,29
982,CA4501,,16:30:00,19:30:00,2021-03-24 14:45:38,5.7,1210,28
1026,CA4501,,16:30:00,19:30:00,2021-03-25 13:56:23,5.7,1210,27
1033,CA4501,,16:30:00,19:30:00,2021-03-26 14:41:35,5.7,1210,26
1074,CA4501,,16:30:00,19:30:00,2021-03-28 22:53:34,5.7,1210,24
1136,CA4501,,16:30:00,19:30:00,2021-03-29 14:40:57,5.7,1210,23
1194,CA4501,,16:30:00,19:30:00,2021-03-30 14:12:45,5.5,1170,22
1227,CA4501,,16:30:00,19:30:00,2021-03-31 13:57:35,5.5,1170,21
1267,CA4501,,16:30:00,19:30:00,2021-04-01 13:45:59,5.5,1170,20
1290,CA4501,,16:30:00,19:30:00,2021-04-02 14:02:21,5.5,1170,19
1332,CA4501,,16:30:00,19:30:00,2021-04-03 14:10:37,5.6,1190,18
1399,CA4501,,16:30:00,19:30:00,2021-04-04 13:42:35,5.5,1160,17
1444,CA4501,,16:30:00,19:30:00,2021-04-05 13:58:08,5.5,1160,16
1471,CA4501,,16:30:00,19:30:00,2021-04-06 14:08:54,5.5,1160,15
1531,CA4501,,16:30:00,19:30:00,2021-04-07 13:57:15,5.5,1160,14
1549,CA4501,,16:30:00,19:30:00,2021-04-08 14:23:30,5.6,1190,13
1603,CA4501,,16:30:00,19:30:00,2021-04-09 14:07:02,5.6,1190,12
1631,CA4501,,16:30:00,19:30:00,2021-04-10 13:44:26,5.6,1190,11
1670,CA4501,,16:30:00,19:30:00,2021-04-11 13:43:21,5.6,1190,10
1687,CA4501,,16:30:00,19:30:00,2021-04-12 14:32:55,5.5,1160,9
1730,CA4501,,16:30:00,19:30:00,2021-04-13 14:19:03,4.6,980,8
1797,CA4501,,16:30:00,19:30:00,2021-04-14 13:44:01,5.5,1160,7
1815,CA4501,,16:30:00,19:30:00,2021-04-15 13:44:22,4.6,980,6
1862,CA4501,,16:30:00,19:30:00,2021-04-16 14:27:56,5.5,1170,5
1917,CA4501,,16:30:00,19:30:00,2021-04-17 13:39:36,4.6,980,4
1958,CA4501,,16:30:00,19:30:00,2021-04-18 13:44:01,4.9,1040,3
1985,CA4501,,16:30:00,19:30:00,2021-04-19 13:36:06,4.6,980,2
2020,CA4501,,16:30:00,19:30:00,2021-04-20 14:24:48,6.4,1360,1
2071,CA4501,,16:30:00,19:30:00,2021-04-21 14:25:00,7.0,1480,0
631,CA4515,,08:05:00,10:45:00,2021-03-07 14:33:24,4.2,900,45
652,CA4515,,08:05:00,10:45:00,2021-03-08 14:27:11,4.2,900,44
656,CA4515,,08:05:00,10:45:00,2021-03-09 14:37:55,4.2,900,43
680,CA4515,,08:05:00,10:45:00,2021-03-10 14:27:58,4.2,900,42
684,CA4515,,08:05:00,10:45:00,2021-03-11 14:30:33,4.2,900,41
721,CA4515,,08:05:00,10:45:00,2021-03-12 14:07:17,4.2,900,40
733,CA4515,,08:05:00,10:45:00,2021-03-13 14:19:23,4.2,900,39
765,CA4515,,08:05:00,10:45:00,2021-03-14 14:43:43,4.2,900,38
769,CA4515,,08:05:00,10:45:00,2021-03-15 14:34:29,4.2,900,37
809,CA4515,,08:05:00,10:45:00,2021-03-16 14:30:53,4.2,900,36
832,CA4515,,08:05:00,10:45:00,2021-03-17 14:22:54,4.2,900,35
856,CA4515,,08:05:00,10:45:00,2021-03-19 14:40:12,4.2,900,33
878,CA4515,,08:05:00,10:45:00,2021-03-20 14:20:46,4.2,900,32
904,CA4515,,08:05:00,10:45:00,2021-03-21 14:43:57,4.2,900,31
922,CA4515,,08:05:00,10:45:00,2021-03-22 14:12:21,4.2,900,30
967,CA4515,,08:05:00,10:45:00,2021-03-23 14:37:13,4.2,900,29
1000,CA4515,,08:05:00,10:45:00,2021-03-24 14:45:38,4.2,900,28
1009,CA4515,,08:05:00,10:45:00,2021-03-25 13:56:23,4.2,900,27
1067,CA4515,,08:05:00,10:45:00,2021-03-26 14:41:35,4.2,900,26
1107,CA4515,,08:05:00,10:45:00,2021-03-28 22:53:34,4.2,900,24
1144,CA4515,,08:05:00,10:45:00,2021-03-29 14:40:57,4.2,900,23
1163,CA4515,,08:05:00,10:45:00,2021-03-30 14:12:45,4.1,860,22
1219,CA4515,,08:05:00,10:45:00,2021-03-31 13:57:35,4.1,860,21
1259,CA4515,,08:05:00,10:45:00,2021-04-01 13:45:59,4.1,860,20
1297,CA4515,,08:05:00,10:45:00,2021-04-02 14:02:21,4.1,860,19
1322,CA4515,,08:05:00,10:45:00,2021-04-03 14:10:37,4.1,860,18
1391,CA4515,,08:05:00,10:45:00,2021-04-04 13:42:35,4.6,980,17
1415,CA4515,,08:05:00,10:45:00,2021-04-05 13:58:08,4.6,980,16
1479,CA4515,,08:05:00,10:45:00,2021-04-06 14:08:54,4.8,1020,15
1523,CA4515,,08:05:00,10:45:00,2021-04-07 13:57:15,5.1,1090,14
1557,CA4515,,08:05:00,10:45:00,2021-04-08 14:23:30,5.3,1120,13
1598,CA4515,,08:05:00,10:45:00,2021-04-09 14:07:02,5.3,1120,12
1624,CA4515,,08:05:00,10:45:00,2021-04-10 13:44:26,5.3,1120,11
1662,CA4515,,08:05:00,10:45:00,2021-04-11 13:43:21,5.3,1120,10
1698,CA4515,,08:05:00,10:45:00,2021-04-12 14:32:55,5.1,1090,9
1743,CA4515,,08:05:00,10:45:00,2021-04-13 14:19:03,4.6,980,8
1805,CA4515,,08:05:00,10:45:00,2021-04-14 13:44:01,4.6,980,7
1823,CA4515,,08:05:00,10:45:00,2021-04-15 13:44:22,4.6,980,6
1870,CA4515,,08:05:00,10:45:00,2021-04-16 14:27:56,4.6,980,5
1925,CA4515,,08:05:00,10:45:00,2021-04-17 13:39:36,4.6,980,4
1953,CA4515,,08:05:00,10:45:00,2021-04-18 13:44:01,4.9,1040,3
1973,CA4515,,08:05:00,10:45:00,2021-04-19 13:36:06,4.6,980,2
2028,CA4515,,08:05:00,10:45:00,2021-04-20 14:24:48,6.4,1360,1
2085,CA4515,,08:05:00,10:45:00,2021-04-21 14:25:00,6.4,1360,0
732,CA4581,,14:15:00,16:50:00,2021-03-13 14:19:23,9.9,2100,39
764,CA4581,,14:15:00,16:50:00,2021-03-14 14:43:43,9.9,2100,38
790,CA4581,,14:15:00,16:50:00,2021-03-15 14:34:29,5.0,1060,37
808,CA4581,,14:15:00,16:50:00,2021-03-16 14:30:53,5.0,1050,36
831,CA4581,,14:15:00,16:50:00,2021-03-17 14:22:54,5.0,1050,35
855,CA4581,,14:15:00,16:50:00,2021-03-19 14:40:12,5.0,1050,33
863,CA4581,,14:15:00,16:50:00,2021-03-20 14:20:46,5.0,1050,32
889,CA4581,,14:15:00,16:50:00,2021-03-21 14:43:57,5.0,1050,31
936,CA4581,,14:15:00,16:50:00,2021-03-22 14:12:21,5.0,1050,30
961,CA4581,,14:15:00,16:50:00,2021-03-23 14:37:13,5.1,1082,29
992,CA4581,,14:15:00,16:50:00,2021-03-24 14:45:38,5.0,1050,28
1021,CA4581,,14:15:00,16:50:00,2021-03-25 13:56:23,5.1,1082,27
1064,CA4581,,14:15:00,16:50:00,2021-03-26 14:41:35,6.1,1292,26
1085,CA4581,,14:15:00,16:50:00,2021-03-28 22:53:34,6.1,1292,24
1112,CA4581,,14:15:00,16:50:00,2021-03-29 14:40:57,6.1,1292,23
1184,CA4581,,14:15:00,16:50:00,2021-03-30 14:12:45,5.7,1202,22
1198,CA4581,,14:15:00,16:50:00,2021-03-31 13:57:35,5.7,1202,21
1272,CA4581,,14:15:00,16:50:00,2021-04-01 13:45:59,5.7,1202,20
1321,CA4581,,14:15:00,16:50:00,2021-04-02 14:02:21,5.7,1202,19
1362,CA4581,,14:15:00,16:50:00,2021-04-03 14:10:37,5.6,1190,18
1367,CA4581,,14:15:00,16:50:00,2021-04-04 13:42:35,5.5,1160,17
1448,CA4581,,14:15:00,16:50:00,2021-04-05 13:58:08,5.5,1160,16
1467,CA4581,,14:15:00,16:50:00,2021-04-06 14:08:54,5.5,1160,15
1498,CA4581,,14:15:00,16:50:00,2021-04-07 13:57:15,5.5,1160,14
1580,CA4581,,14:15:00,16:50:00,2021-04-08 14:23:30,5.6,1190,13
1585,CA4581,,14:15:00,16:50:00,2021-04-09 14:07:02,5.8,1222,12
1608,CA4581,,14:15:00,16:50:00,2021-04-10 13:44:26,5.8,1222,11
1639,CA4581,,14:15:00,16:50:00,2021-04-11 13:43:21,5.8,1222,10
1721,CA4581,,14:15:00,16:50:00,2021-04-12 14:32:55,5.6,1192,9
1746,CA4581,,14:15:00,16:50:00,2021-04-13 14:19:03,5.6,1192,8
1782,CA4581,,14:15:00,16:50:00,2021-04-14 13:44:01,5.6,1192,7
1836,CA4581,,14:15:00,16:50:00,2021-04-15 13:44:22,5.7,1202,6
1892,CA4581,,14:15:00,16:50:00,2021-04-16 14:27:56,5.7,1202,5
1906,CA4581,,14:15:00,16:50:00,2021-04-17 13:39:36,5.7,1202,4
1941,CA4581,,14:15:00,16:50:00,2021-04-18 13:44:01,6.1,1292,3
1990,CA4581,,14:15:00,16:50:00,2021-04-19 13:36:06,4.8,1012,2
2013,CA4581,,14:15:00,16:50:00,2021-04-20 14:24:48,6.6,1392,1
2046,CA4581,,14:15:00,16:50:00,2021-04-21 14:25:00,6.6,1392,0
627,CZ8244,,17:40:00,20:20:00,2021-03-07 14:33:24,10.0,1930,45
648,CZ8244,,17:40:00,20:20:00,2021-03-08 14:27:11,10.0,1930,44
663,CZ8244,,17:40:00,20:20:00,2021-03-09 14:37:55,10.0,1930,43
676,CZ8244,,17:45:00,20:20:00,2021-03-10 14:27:58,10.0,1930,42
693,CZ8244,,17:45:00,20:20:00,2021-03-11 14:30:33,5.4,1040,41
717,CZ8244,,17:45:00,20:20:00,2021-03-12 14:07:17,5.4,1040,40
743,CZ8244,,17:45:00,20:20:00,2021-03-13 14:19:23,5.4,1040,39
758,CZ8244,,17:45:00,20:20:00,2021-03-14 14:43:43,5.4,1040,38
784,CZ8244,,17:45:00,20:20:00,2021-03-15 14:34:29,5.4,1040,37
802,CZ8244,,17:45:00,20:20:00,2021-03-16 14:30:53,5.4,1040,36
826,CZ8244,,17:45:00,20:20:00,2021-03-17 14:22:54,5.4,1040,35
849,CZ8244,,17:45:00,20:20:00,2021-03-19 14:40:12,5.4,1040,33
881,CZ8244,,17:45:00,20:20:00,2021-03-20 14:20:46,5.4,1040,32
907,CZ8244,,17:45:00,20:20:00,2021-03-21 14:43:57,5.4,1040,31
920,CZ8244,,17:45:00,20:20:00,2021-03-22 14:12:21,5.4,1040,30
947,CZ8244,,17:45:00,20:20:00,2021-03-23 14:37:13,6.4,1240,29
971,CZ8244,,17:45:00,20:20:00,2021-03-24 14:45:38,6.4,1240,28
1007,CZ8244,,17:45:00,20:20:00,2021-03-25 13:56:23,6.4,1240,27
1028,CZ8244,,17:45:00,20:20:00,2021-03-26 14:41:35,6.4,1240,26
1110,CZ8244,,17:45:00,20:20:00,2021-03-28 22:53:34,6.4,1240,24
1141,CZ8244,,17:45:00,20:20:00,2021-03-29 14:40:57,6.4,1240,23
1160,CZ8244,,17:45:00,20:20:00,2021-03-30 14:12:45,6.4,1240,22
1222,CZ8244,,17:45:00,20:20:00,2021-03-31 13:57:35,6.2,1190,21
1262,CZ8244,,17:45:00,20:20:00,2021-04-01 13:45:59,6.0,1150,20
1294,CZ8244,,17:45:00,20:20:00,2021-04-02 14:02:21,6.2,1190,19
1337,CZ8244,,17:45:00,20:20:00,2021-04-03 14:10:37,6.2,1190,18
1394,CZ8244,,17:45:00,20:20:00,2021-04-04 13:42:35,6.0,1150,17
1412,CZ8244,,17:45:00,20:20:00,2021-04-05 13:58:08,6.0,1150,16
1476,CZ8244,,17:45:00,20:20:00,2021-04-06 14:08:54,6.0,1150,15
1526,CZ8244,,17:45:00,20:20:00,2021-04-07 13:57:15,6.0,1150,14
1554,CZ8244,,17:45:00,20:20:00,2021-04-08 14:23:30,6.2,1190,13
1600,CZ8244,,17:45:00,20:20:00,2021-04-09 14:07:02,6.2,1190,12
1627,CZ8244,,17:45:00,20:20:00,2021-04-10 13:44:26,6.2,1190,11
1665,CZ8244,,17:45:00,20:20:00,2021-04-11 13:43:21,6.2,1190,10
1695,CZ8244,,17:45:00,20:20:00,2021-04-12 14:32:55,6.2,1190,9
1725,CZ8244,,17:45:00,20:20:00,2021-04-13 14:19:03,5.4,1040,8
1802,CZ8244,,17:45:00,20:20:00,2021-04-14 13:44:01,5.4,1040,7
1820,CZ8244,,17:45:00,20:20:00,2021-04-15 13:44:22,5.4,1040,6
1867,CZ8244,,17:45:00,20:20:00,2021-04-16 14:27:56,6.1,1180,5
1922,CZ8244,,17:45:00,20:20:00,2021-04-17 13:39:36,6.2,1190,4
1955,CZ8244,,17:45:00,20:20:00,2021-04-18 13:44:01,5.4,1040,3
1976,CZ8244,,17:45:00,20:20:00,2021-04-19 13:36:06,6.2,1190,2
2025,CZ8244,,17:45:00,20:20:00,2021-04-20 14:24:48,5.3,1030,1
2065,CZ8244,,17:45:00,20:20:00,2021-04-21 14:25:00,6.9,1330,0
688,EU6671,,06:40:00,11:05:00,2021-03-11 14:30:33,7.2,1688,41
727,EU6671,,06:40:00,11:05:00,2021-03-13 14:19:23,3.0,694,39
763,EU6671,,06:40:00,11:05:00,2021-03-14 14:43:43,3.0,700,38
789,EU6671,,06:40:00,11:05:00,2021-03-15 14:34:29,3.8,883,37
807,EU6671,,06:40:00,11:05:00,2021-03-16 14:30:53,3.8,883,36
830,EU6671,,06:40:00,11:05:00,2021-03-17 14:22:54,3.8,890,35
854,EU6671,,06:40:00,11:05:00,2021-03-19 14:40:12,3.8,890,33
879,EU6671,,06:40:00,11:05:00,2021-03-20 14:20:46,3.8,890,32
905,EU6671,,06:40:00,11:05:00,2021-03-21 14:43:57,3.8,890,31
949,EU6671,,06:40:00,11:05:00,2021-03-23 14:37:13,3.8,890,29
999,EU6671,,06:40:00,11:05:00,2021-03-24 14:45:38,3.8,890,28
1068,EU6671,,06:40:00,11:05:00,2021-03-26 14:41:35,4.0,922,26
1108,EU6671,,06:40:00,11:05:00,2021-03-28 22:53:34,4.0,930,24
1143,EU6671,,06:40:00,11:05:00,2021-03-29 14:40:57,4.0,922,23
1162,EU6671,,06:40:00,11:05:00,2021-03-30 14:12:45,4.0,921,22
1220,EU6671,,06:40:00,11:05:00,2021-03-31 13:57:35,4.0,921,21
1260,EU6671,,06:40:00,11:05:00,2021-04-01 13:45:59,4.0,921,20
1296,EU6671,,06:40:00,11:05:00,2021-04-02 14:02:21,4.0,930,19
1339,EU6671,,06:40:00,11:05:00,2021-04-03 14:10:37,4.0,930,18
1392,EU6671,,06:40:00,11:05:00,2021-04-04 13:42:35,3.9,920,17
1414,EU6671,,06:40:00,11:05:00,2021-04-05 13:58:08,3.9,920,16
1478,EU6671,,06:40:00,11:05:00,2021-04-06 14:08:54,3.9,920,15
1524,EU6671,,06:40:00,11:05:00,2021-04-07 13:57:15,3.9,920,14
1556,EU6671,,06:40:00,11:05:00,2021-04-08 14:23:30,4.0,930,13
1625,EU6671,,06:40:00,11:05:00,2021-04-10 13:44:26,4.0,930,11
1663,EU6671,,06:40:00,11:05:00,2021-04-11 13:43:21,4.0,930,10
1697,EU6671,,06:40:00,11:05:00,2021-04-12 14:32:55,3.9,920,9
1723,EU6671,,06:40:00,11:05:00,2021-04-13 14:19:03,3.9,920,8
1804,EU6671,,06:40:00,11:05:00,2021-04-14 13:44:01,3.9,920,7
1822,EU6671,,06:40:00,11:05:00,2021-04-15 13:44:22,3.9,920,6
1869,EU6671,,06:40:00,11:05:00,2021-04-16 14:27:56,4.0,921,5
1924,EU6671,,06:40:00,11:05:00,2021-04-17 13:39:36,4.0,921,4
1974,EU6671,,06:40:00,11:05:00,2021-04-19 13:36:06,4.0,921,2
2027,EU6671,,06:40:00,11:05:00,2021-04-20 14:24:48,4.0,921,1
2086,EU6671,,06:40:00,11:05:00,2021-04-21 14:25:00,4.4,1035,0
946,EU7233,TV9865,10:25:00,12:55:00,2021-03-23 14:37:13,10.0,2330,29
998,EU7233,TV9865,10:25:00,12:55:00,2021-03-24 14:45:38,10.0,2330,28
1029,EU7233,TV9865,10:25:00,12:55:00,2021-03-26 14:41:35,10.0,2330,26
1070,EU7233,TV9865,10:25:00,12:55:00,2021-03-28 22:53:34,10.0,2330,24
1140,EU7233,TV9865,10:25:00,12:55:00,2021-03-29 14:40:57,10.0,2330,23
1159,EU7233,TV9865,10:25:00,12:55:00,2021-03-30 14:12:45,10.0,2330,22
1223,EU7233,TV9865,10:25:00,12:55:00,2021-03-31 13:57:35,4.0,930,21
1263,EU7233,TV9865,10:25:00,12:55:00,2021-04-01 13:45:59,4.0,930,20
1293,EU7233,TV9865,10:25:00,12:55:00,2021-04-02 14:02:21,4.0,930,19
1336,EU7233,TV9865,10:25:00,12:55:00,2021-04-03 14:10:37,4.0,930,18
1395,EU7233,TV9865,10:25:00,12:55:00,2021-04-04 13:42:35,4.0,930,17
1411,EU7233,TV9865,10:25:00,12:55:00,2021-04-05 13:58:08,4.0,930,16
1475,EU7233,TV9865,10:25:00,12:55:00,2021-04-06 14:08:54,4.0,930,15
1527,EU7233,TV9865,10:25:00,12:55:00,2021-04-07 13:57:15,4.5,1050,14
1553,EU7233,TV9865,10:25:00,12:55:00,2021-04-08 14:23:30,4.5,1050,13
1666,EU7233,TV9865,10:25:00,12:55:00,2021-04-11 13:43:21,3.6,840,10
1694,EU7233,TV9865,10:25:00,12:55:00,2021-04-12 14:32:55,3.6,840,9
1726,EU7233,TV9865,10:25:00,12:55:00,2021-04-13 14:19:03,4.5,1050,8
1801,EU7233,TV9865,10:25:00,12:55:00,2021-04-14 13:44:01,4.5,1050,7
1819,EU7233,TV9865,10:25:00,12:55:00,2021-04-15 13:44:22,5.5,1280,6
1866,EU7233,TV9865,10:25:00,12:55:00,2021-04-16 14:27:56,5.5,1280,5
1921,EU7233,TV9865,10:25:00,12:55:00,2021-04-17 13:39:36,5.5,1280,4
1977,EU7233,TV9865,10:25:00,12:55:00,2021-04-19 13:36:06,5.5,1280,2
2024,EU7233,TV9865,10:25:00,12:55:00,2021-04-20 14:24:48,4.5,1050,1
2066,EU7233,TV9865,10:25:00,12:55:00,2021-04-21 14:25:00,6.5,1510,0
1485,EU7239,TV9881,12:40:00,15:30:00,2021-04-06 14:08:54,4.5,1050,15
1517,EU7239,TV9881,12:40:00,15:30:00,2021-04-07 13:57:15,4.5,1050,14
1563,EU7239,TV9881,12:40:00,15:30:00,2021-04-08 14:23:30,4.5,1050,13
1656,EU7239,TV9881,12:40:00,15:30:00,2021-04-11 13:43:21,3.6,840,10
1704,EU7239,TV9881,12:40:00,15:30:00,2021-04-12 14:32:55,4.5,1050,9
1756,EU7239,TV9881,12:40:00,15:30:00,2021-04-13 14:19:03,4.5,1050,8
1787,EU7239,TV9881,12:40:00,15:30:00,2021-04-14 13:44:01,4.5,1050,7
1829,EU7239,TV9881,12:40:00,15:30:00,2021-04-15 13:44:22,3.6,840,6
1876,EU7239,TV9881,12:40:00,15:30:00,2021-04-16 14:27:56,4.5,1050,5
1931,EU7239,TV9881,12:40:00,15:30:00,2021-04-17 13:39:36,4.5,1050,4
1967,EU7239,TV9881,12:40:00,15:30:00,2021-04-19 13:36:06,4.5,1050,2
2034,EU7239,TV9881,12:40:00,15:30:00,2021-04-20 14:24:48,4.5,1050,1
2087,EU7239,TV9881,12:40:00,15:30:00,2021-04-21 14:25:00,4.5,1050,0
616,FM9542,,18:50:00,21:50:00,2021-03-07 14:33:24,4.9,1150,45
636,FM9542,,18:50:00,21:50:00,2021-03-08 14:27:11,5.0,1170,44
666,FM9542,,18:50:00,21:50:00,2021-03-10 14:27:58,5.0,1170,42
703,FM9542,,18:50:00,21:50:00,2021-03-11 14:30:33,5.0,1170,41
707,FM9542,,18:50:00,21:50:00,2021-03-12 14:07:17,5.0,1170,40
731,FM9542,,18:50:00,21:50:00,2021-03-13 14:19:23,5.0,1170,39
749,FM9542,,18:50:00,21:50:00,2021-03-14 14:43:43,5.0,1170,38
774,FM9542,,18:50:00,21:50:00,2021-03-15 14:34:29,4.9,1150,37
793,FM9542,,18:50:00,21:50:00,2021-03-16 14:30:53,5.0,1170,36
816,FM9542,,18:50:00,21:50:00,2021-03-17 14:22:54,5.0,1170,35
836,FM9542,,18:50:00,21:50:00,2021-03-19 14:40:12,5.0,1170,33
886,FM9542,,18:50:00,21:50:00,2021-03-20 14:20:46,5.0,1170,32
913,FM9542,,18:50:00,21:50:00,2021-03-21 14:43:57,5.0,1170,31
915,FM9542,,18:50:00,21:50:00,2021-03-22 14:12:21,5.0,1170,30
939,FM9542,,18:50:00,21:50:00,2021-03-23 14:37:13,5.0,1170,29
986,FM9542,,18:50:00,21:50:00,2021-03-24 14:45:38,4.9,1140,28
1024,FM9542,,18:50:00,21:50:00,2021-03-25 13:56:23,5.0,1170,27
1040,FM9542,,18:50:00,21:50:00,2021-03-26 14:41:35,5.0,1170,26
1081,FM9542,,18:50:00,21:50:00,2021-03-28 22:53:34,5.2,1200,24
1129,FM9542,,18:50:00,21:50:00,2021-03-29 14:40:57,5.2,1200,23
1155,FM9542,,18:50:00,21:50:00,2021-03-30 14:12:45,5.0,1160,22
1234,FM9542,,18:50:00,21:50:00,2021-03-31 13:57:35,5.0,1160,21
1276,FM9542,,18:50:00,21:50:00,2021-04-01 13:45:59,5.0,1160,20
1283,FM9542,,18:50:00,21:50:00,2021-04-02 14:02:21,5.1,1190,19
1325,FM9542,,18:50:00,21:50:00,2021-04-03 14:10:37,5.1,1190,18
1406,FM9542,,18:50:00,21:50:00,2021-04-04 13:42:35,5.0,1160,17
1436,FM9542,,18:50:00,21:50:00,2021-04-05 13:58:08,5.0,1160,16
1494,FM9542,,18:50:00,21:50:00,2021-04-06 14:08:54,5.0,1160,15
1495,FM9542,,18:50:00,21:50:00,2021-04-07 13:57:15,5.0,1160,14
1542,FM9542,,18:50:00,21:50:00,2021-04-08 14:23:30,5.1,1190,13
1605,FM9542,,18:50:00,21:50:00,2021-04-09 14:07:02,5.1,1190,12
1635,FM9542,,18:50:00,21:50:00,2021-04-10 13:44:26,5.1,1190,11
1677,FM9542,,18:50:00,21:50:00,2021-04-11 13:43:21,5.1,1190,10
1683,FM9542,,18:50:00,21:50:00,2021-04-12 14:32:55,5.1,1190,9
1737,FM9542,,18:50:00,21:50:00,2021-04-13 14:19:03,5.0,1160,8
1767,FM9542,,18:50:00,21:50:00,2021-04-14 13:44:01,5.0,1160,7
1849,FM9542,,18:50:00,21:50:00,2021-04-15 13:44:22,4.3,1010,6
1855,FM9542,,18:50:00,21:50:00,2021-04-16 14:27:56,4.3,1010,5
1910,FM9542,,18:50:00,21:50:00,2021-04-17 13:39:36,4.3,1010,4
1982,FM9542,,18:50:00,21:50:00,2021-04-19 13:36:06,4.3,1010,2
2044,FM9542,,18:50:00,21:50:00,2021-04-20 14:24:48,6.2,1440,1
2078,FM9542,,18:50:00,21:50:00,2021-04-21 14:25:00,7.4,1720,0
624,FM9550,,19:40:00,22:30:00,2021-03-07 14:33:24,4.9,1150,45
642,FM9550,,19:40:00,22:30:00,2021-03-08 14:27:11,5.0,1170,44
671,FM9550,,21:15:00,23:45:00,2021-03-10 14:27:58,4.5,1050,42
698,FM9550,,21:15:00,23:45:00,2021-03-11 14:30:33,4.5,1050,41
712,FM9550,,21:15:00,23:45:00,2021-03-12 14:07:17,4.5,1050,40
738,FM9550,,21:15:00,23:45:00,2021-03-13 14:19:23,4.5,1050,39
754,FM9550,,21:15:00,23:45:00,2021-03-14 14:43:43,4.5,1050,38
779,FM9550,,21:15:00,23:45:00,2021-03-15 14:34:29,4.4,1030,37
798,FM9550,,21:15:00,23:45:00,2021-03-16 14:30:53,4.5,1050,36
821,FM9550,,21:15:00,23:45:00,2021-03-17 14:22:54,4.5,1050,35
837,FM9550,,21:15:00,23:45:00,2021-03-19 14:40:12,4.5,1050,33
870,FM9550,,21:15:00,23:45:00,2021-03-20 14:20:46,4.5,1050,32
897,FM9550,,21:15:00,23:45:00,2021-03-21 14:43:57,4.5,1050,31
930,FM9550,,21:15:00,23:45:00,2021-03-22 14:12:21,4.5,1050,30
970,FM9550,,21:15:00,23:45:00,2021-03-23 14:37:13,4.5,1050,29
976,FM9550,,21:15:00,23:45:00,2021-03-24 14:45:38,4.3,1000,28
1015,FM9550,,21:15:00,23:45:00,2021-03-25 13:56:23,4.5,1050,27
1054,FM9550,,21:15:00,23:45:00,2021-03-26 14:41:35,4.5,1050,26
1095,FM9550,,21:15:00,23:45:00,2021-03-28 22:53:34,4.7,1100,24
1122,FM9550,,21:15:00,23:45:00,2021-03-29 14:40:57,4.7,1100,23
1187,FM9550,,21:15:00,23:45:00,2021-03-30 14:12:45,4.5,1050,22
1208,FM9550,,21:15:00,23:45:00,2021-03-31 13:57:35,4.5,1050,21
1247,FM9550,,21:15:00,23:45:00,2021-04-01 13:45:59,4.5,1050,20
1309,FM9550,,21:15:00,23:45:00,2021-04-02 14:02:21,4.7,1100,19
1351,FM9550,,21:15:00,23:45:00,2021-04-03 14:10:37,4.7,1100,18
1378,FM9550,,21:15:00,23:45:00,2021-04-04 13:42:35,4.5,1050,17
1434,FM9550,,21:15:00,23:45:00,2021-04-05 13:58:08,4.5,1050,16
1456,FM9550,,21:15:00,23:45:00,2021-04-06 14:08:54,4.5,1050,15
1509,FM9550,,21:15:00,23:45:00,2021-04-07 13:57:15,4.5,1050,14
1570,FM9550,,21:15:00,23:45:00,2021-04-08 14:23:30,4.7,1100,13
1591,FM9550,,21:15:00,23:45:00,2021-04-09 14:07:02,4.7,1100,12
1615,FM9550,,21:15:00,23:45:00,2021-04-10 13:44:26,4.7,1100,11
1649,FM9550,,21:15:00,23:45:00,2021-04-11 13:43:21,4.7,1100,10
1711,FM9550,,21:15:00,23:45:00,2021-04-12 14:32:55,4.7,1100,9
1757,FM9550,,21:15:00,23:45:00,2021-04-13 14:19:03,4.5,1050,8
1772,FM9550,,21:15:00,23:45:00,2021-04-14 13:44:01,4.5,1050,7
1845,FM9550,,21:15:00,23:45:00,2021-04-15 13:44:22,4.1,950,6
1882,FM9550,,21:15:00,23:45:00,2021-04-16 14:27:56,5.8,1350,5
1937,FM9550,,21:15:00,23:45:00,2021-04-17 13:39:36,5.8,1350,4
1960,FM9550,,21:15:00,23:45:00,2021-04-19 13:36:06,5.0,1160,2
2003,FM9550,,21:15:00,23:45:00,2021-04-20 14:24:48,6.1,1410,1
2056,FM9550,,21:15:00,23:45:00,2021-04-21 14:25:00,10.0,2330,0
621,FM9552,,20:45:00,23:40:00,2021-03-07 14:33:24,4.9,1150,45
641,FM9552,,20:45:00,23:40:00,2021-03-08 14:27:11,5.0,1170,44
954,GJ5075,TV9865,10:25:00,12:55:00,2021-03-23 14:37:13,10.0,2330,29
997,GJ5075,TV9865,10:25:00,12:55:00,2021-03-24 14:45:38,10.0,2330,28
1047,GJ5075,TV9865,10:25:00,12:55:00,2021-03-26 14:41:35,10.0,2330,26
1102,GJ5075,TV9865,10:25:00,12:55:00,2021-03-28 22:53:34,5.0,1170,24
1149,GJ5075,TV9865,10:25:00,12:55:00,2021-03-29 14:40:57,5.0,1170,23
1168,GJ5075,TV9865,10:25:00,12:55:00,2021-03-30 14:12:45,5.0,1170,22
1215,GJ5075,TV9865,10:25:00,12:55:00,2021-03-31 13:57:35,4.0,940,21
1254,GJ5075,TV9865,10:25:00,12:55:00,2021-04-01 13:45:59,4.0,940,20
1302,GJ5075,TV9865,10:25:00,12:55:00,2021-04-02 14:02:21,4.0,940,19
1344,GJ5075,TV9865,10:25:00,12:55:00,2021-04-03 14:10:37,4.0,940,18
1386,GJ5075,TV9865,10:25:00,12:55:00,2021-04-04 13:42:35,4.0,940,17
1420,GJ5075,TV9865,10:25:00,12:55:00,2021-04-05 13:58:08,4.0,940,16
1484,GJ5075,TV9865,10:25:00,12:55:00,2021-04-06 14:08:54,4.0,940,15
1518,GJ5075,TV9865,10:25:00,12:55:00,2021-04-07 13:57:15,5.0,1170,14
1562,GJ5075,TV9865,10:25:00,12:55:00,2021-04-08 14:23:30,5.0,1170,13
1620,GJ5075,TV9865,10:25:00,12:55:00,2021-04-10 13:44:26,5.0,1170,11
1657,GJ5075,TV9865,10:25:00,12:55:00,2021-04-11 13:43:21,4.0,940,10
1703,GJ5075,TV9865,10:25:00,12:55:00,2021-04-12 14:32:55,4.0,940,9
1758,GJ5075,TV9865,10:25:00,12:55:00,2021-04-13 14:19:03,5.0,1170,8
1786,GJ5075,TV9865,10:25:00,12:55:00,2021-04-14 13:44:01,5.0,1170,7
1828,GJ5075,TV9865,10:25:00,12:55:00,2021-04-15 13:44:22,6.0,1400,6
1875,GJ5075,TV9865,10:25:00,12:55:00,2021-04-16 14:27:56,6.0,1400,5
1930,GJ5075,TV9865,10:25:00,12:55:00,2021-04-17 13:39:36,6.0,1400,4
1968,GJ5075,TV9865,10:25:00,12:55:00,2021-04-19 13:36:06,6.0,1400,2
2033,GJ5075,TV9865,10:25:00,12:55:00,2021-04-20 14:24:48,5.0,1170,1
2070,GJ5075,TV9865,10:25:00,12:55:00,2021-04-21 14:25:00,7.0,1640,0
940,GJ5089,TV9881,12:40:00,15:30:00,2021-03-23 14:37:13,10.0,2330,29
985,GJ5089,TV9881,12:40:00,15:30:00,2021-03-24 14:45:38,10.0,2330,28
1039,GJ5089,TV9881,12:40:00,15:30:00,2021-03-26 14:41:35,10.0,2330,26
1080,GJ5089,TV9881,12:40:00,15:30:00,2021-03-28 22:53:34,5.0,1170,24
1130,GJ5089,TV9881,12:40:00,15:30:00,2021-03-29 14:40:57,5.0,1170,23
1188,GJ5089,TV9881,12:40:00,15:30:00,2021-03-30 14:12:45,5.0,1170,22
1233,GJ5089,TV9881,12:40:00,15:30:00,2021-03-31 13:57:35,5.0,1170,21
1275,GJ5089,TV9881,12:40:00,15:30:00,2021-04-01 13:45:59,5.0,1170,20
1284,GJ5089,TV9881,12:40:00,15:30:00,2021-04-02 14:02:21,5.0,1170,19
1326,GJ5089,TV9881,12:40:00,15:30:00,2021-04-03 14:10:37,5.0,1170,18
1405,GJ5089,TV9881,12:40:00,15:30:00,2021-04-04 13:42:35,5.0,1170,17
1438,GJ5089,TV9881,12:40:00,15:30:00,2021-04-05 13:58:08,5.0,1170,16
1493,GJ5089,TV9881,12:40:00,15:30:00,2021-04-06 14:08:54,5.0,1170,15
1537,GJ5089,TV9881,12:40:00,15:30:00,2021-04-07 13:57:15,5.0,1170,14
1543,GJ5089,TV9881,12:40:00,15:30:00,2021-04-08 14:23:30,5.0,1170,13
1634,GJ5089,TV9881,12:40:00,15:30:00,2021-04-10 13:44:26,5.0,1170,11
1676,GJ5089,TV9881,12:40:00,15:30:00,2021-04-11 13:43:21,4.0,940,10
1682,GJ5089,TV9881,12:40:00,15:30:00,2021-04-12 14:32:55,5.0,1170,9
1736,GJ5089,TV9881,12:40:00,15:30:00,2021-04-13 14:19:03,5.0,1170,8
1770,GJ5089,TV9881,12:40:00,15:30:00,2021-04-14 13:44:01,5.0,1170,7
1848,GJ5089,TV9881,12:40:00,15:30:00,2021-04-15 13:44:22,4.0,940,6
1856,GJ5089,TV9881,12:40:00,15:30:00,2021-04-16 14:27:56,5.0,1170,5
1911,GJ5089,TV9881,12:40:00,15:30:00,2021-04-17 13:39:36,5.0,1170,4
1981,GJ5089,TV9881,12:40:00,15:30:00,2021-04-19 13:36:06,5.0,1170,2
2040,GJ5089,TV9881,12:40:00,15:30:00,2021-04-20 14:24:48,5.0,1170,1
2077,GJ5089,TV9881,12:40:00,15:30:00,2021-04-21 14:25:00,5.0,1170,0
632,HO1058,,05:55:00,08:40:00,2021-03-07 14:33:24,4.8,1010,45
653,HO1058,,05:55:00,08:40:00,2021-03-08 14:27:11,4.8,1010,44
655,HO1058,,05:55:00,08:40:00,2021-03-09 14:37:55,4.8,1010,43
681,HO1058,,05:55:00,08:40:00,2021-03-10 14:27:58,4.8,1010,42
685,HO1058,,05:55:00,08:40:00,2021-03-11 14:30:33,4.8,1010,41
722,HO1058,,05:55:00,08:40:00,2021-03-12 14:07:17,4.8,1010,40
729,HO1058,,05:55:00,08:40:00,2021-03-13 14:19:23,4.8,1010,39
766,HO1058,,05:55:00,08:40:00,2021-03-14 14:43:43,4.8,1010,38
772,HO1058,,05:55:00,08:40:00,2021-03-15 14:34:29,4.8,1010,37
810,HO1058,,05:55:00,08:40:00,2021-03-16 14:30:53,4.8,1010,36
833,HO1058,,05:55:00,08:40:00,2021-03-17 14:22:54,4.8,1010,35
858,HO1058,,05:55:00,08:40:00,2021-03-19 14:40:12,4.8,1010,33
877,HO1058,,05:55:00,08:40:00,2021-03-20 14:20:46,4.8,1010,32
903,HO1058,,05:55:00,08:40:00,2021-03-21 14:43:57,4.8,1010,31
923,HO1058,,05:55:00,08:40:00,2021-03-22 14:12:21,4.8,1010,30
958,HO1058,,05:55:00,08:40:00,2021-03-23 14:37:13,4.8,1010,29
1001,HO1058,,05:55:00,08:40:00,2021-03-24 14:45:38,0.2,49,28
1010,HO1058,,05:55:00,08:40:00,2021-03-25 13:56:23,4.8,1010,27
1043,HO1058,,05:55:00,08:40:00,2021-03-26 14:41:35,4.8,1010,26
1106,HO1058,,05:55:00,08:40:00,2021-03-28 22:53:34,4.8,1010,24
1145,HO1058,,05:55:00,08:40:00,2021-03-29 14:40:57,4.8,1010,23
1164,HO1058,,05:55:00,08:40:00,2021-03-30 14:12:45,4.8,1010,22
1196,HO1058,,05:55:00,08:40:00,2021-03-31 13:57:35,4.8,1010,21
1258,HO1058,,05:55:00,08:40:00,2021-04-01 13:45:59,4.8,1010,20
1298,HO1058,,05:55:00,08:40:00,2021-04-02 14:02:21,4.8,1010,19
1340,HO1058,,05:55:00,08:40:00,2021-04-03 14:10:37,4.8,1010,18
1390,HO1058,,05:55:00,08:40:00,2021-04-04 13:42:35,4.8,1010,17
1416,HO1058,,05:55:00,08:40:00,2021-04-05 13:58:08,4.8,1010,16
1480,HO1058,,05:55:00,08:40:00,2021-04-06 14:08:54,4.8,1010,15
1522,HO1058,,05:55:00,08:40:00,2021-04-07 13:57:15,4.8,1010,14
1558,HO1058,,05:55:00,08:40:00,2021-04-08 14:23:30,4.8,1010,13
1597,HO1058,,05:55:00,08:40:00,2021-04-09 14:07:02,4.8,1010,12
1623,HO1058,,05:55:00,08:40:00,2021-04-10 13:44:26,4.8,1010,11
1661,HO1058,,05:55:00,08:40:00,2021-04-11 13:43:21,4.8,1010,10
1699,HO1058,,05:55:00,08:40:00,2021-04-12 14:32:55,4.7,1005,9
1742,HO1058,,05:55:00,08:40:00,2021-04-13 14:19:03,4.7,1005,8
1806,HO1058,,05:55:00,08:40:00,2021-04-14 13:44:01,3.3,690,7
1824,HO1058,,05:55:00,08:40:00,2021-04-15 13:44:22,3.3,690,6
1871,HO1058,,05:55:00,08:40:00,2021-04-16 14:27:56,3.3,701,5
1926,HO1058,,05:55:00,08:40:00,2021-04-17 13:39:36,3.7,790,4
1952,HO1058,,05:55:00,08:40:00,2021-04-18 13:44:01,3.8,800,3
1972,HO1058,,05:55:00,08:40:00,2021-04-19 13:36:06,4.8,1010,2
2029,HO1058,,05:55:00,08:40:00,2021-04-20 14:24:48,3.7,790,1
2084,HO1058,,05:55:00,08:40:00,2021-04-21 14:25:00,4.3,910,0
628,HO1098,,14:55:00,17:40:00,2021-03-07 14:33:24,3.8,800,45
649,HO1098,,14:55:00,17:40:00,2021-03-08 14:27:11,3.8,800,44
659,HO1098,,14:55:00,17:40:00,2021-03-09 14:37:55,3.8,800,43
677,HO1098,,14:55:00,17:40:00,2021-03-10 14:27:58,3.8,800,42
692,HO1098,,14:55:00,17:40:00,2021-03-11 14:30:33,3.8,800,41
705,HO1098,,14:55:00,17:40:00,2021-03-12 14:07:17,3.8,800,40
745,HO1098,,14:55:00,17:40:00,2021-03-13 14:19:23,3.8,800,39
759,HO1098,,14:55:00,17:40:00,2021-03-14 14:43:43,3.8,800,38
785,HO1098,,14:55:00,17:40:00,2021-03-15 14:34:29,3.8,800,37
803,HO1098,,14:55:00,17:40:00,2021-03-16 14:30:53,3.8,800,36
827,HO1098,,14:55:00,17:40:00,2021-03-17 14:22:54,3.8,800,35
850,HO1098,,14:55:00,17:40:00,2021-03-19 14:40:12,4.8,1010,33
880,HO1098,,14:55:00,17:40:00,2021-03-20 14:20:46,4.8,1010,32
906,HO1098,,14:55:00,17:40:00,2021-03-21 14:43:57,4.8,1010,31
921,HO1098,,14:55:00,17:40:00,2021-03-22 14:12:21,4.8,1010,30
948,HO1098,,14:55:00,17:40:00,2021-03-23 14:37:13,4.8,1010,29
996,HO1098,,14:55:00,17:40:00,2021-03-24 14:45:38,0.2,44,28
1008,HO1098,,14:55:00,17:40:00,2021-03-25 13:56:23,4.8,1010,27
1069,HO1098,,14:55:00,17:40:00,2021-03-26 14:41:35,4.8,1010,26
1109,HO1098,,14:55:00,17:40:00,2021-03-28 22:53:34,4.8,1010,24
1142,HO1098,,14:55:00,17:40:00,2021-03-29 14:40:57,4.8,1010,23
1161,HO1098,,14:55:00,17:40:00,2021-03-30 14:12:45,4.8,1010,22
1221,HO1098,,14:55:00,17:40:00,2021-03-31 13:57:35,4.8,1010,21
1261,HO1098,,14:55:00,17:40:00,2021-04-01 13:45:59,4.8,1010,20
1295,HO1098,,14:55:00,17:40:00,2021-04-02 14:02:21,4.8,1010,19
1338,HO1098,,14:55:00,17:40:00,2021-04-03 14:10:37,4.8,1010,18
1393,HO1098,,14:55:00,17:40:00,2021-04-04 13:42:35,4.8,1010,17
1413,HO1098,,14:55:00,17:40:00,2021-04-05 13:58:08,4.8,1010,16
1477,HO1098,,14:55:00,17:40:00,2021-04-06 14:08:54,4.8,1010,15
1525,HO1098,,14:55:00,17:40:00,2021-04-07 13:57:15,4.8,1010,14
1555,HO1098,,14:55:00,17:40:00,2021-04-08 14:23:30,4.8,1010,13
1599,HO1098,,14:55:00,17:40:00,2021-04-09 14:07:02,4.8,1010,12
1626,HO1098,,14:55:00,17:40:00,2021-04-10 13:44:26,6.7,1430,11
1664,HO1098,,14:55:00,17:40:00,2021-04-11 13:43:21,6.7,1430,10
1696,HO1098,,14:55:00,17:40:00,2021-04-12 14:32:55,6.7,1425,9
1724,HO1098,,14:55:00,17:40:00,2021-04-13 14:19:03,6.7,1425,8
1803,HO1098,,14:55:00,17:40:00,2021-04-14 13:44:01,6.7,1425,7
1821,HO1098,,14:55:00,17:40:00,2021-04-15 13:44:22,6.7,1425,6
1868,HO1098,,14:55:00,17:40:00,2021-04-16 14:27:56,6.7,1430,5
1923,HO1098,,14:55:00,17:40:00,2021-04-17 13:39:36,6.7,1430,4
1954,HO1098,,14:55:00,17:40:00,2021-04-18 13:44:01,6.7,1430,3
1975,HO1098,,14:55:00,17:40:00,2021-04-19 13:36:06,6.7,1430,2
2026,HO1098,,14:55:00,17:40:00,2021-04-20 14:24:48,4.8,1010,1
2064,HO1098,,14:55:00,17:40:00,2021-04-21 14:25:00,6.1,1290,0
629,HO1120,,12:25:00,15:20:00,2021-03-07 14:33:24,3.8,800,45
650,HO1120,,12:25:00,15:20:00,2021-03-08 14:27:11,3.8,800,44
658,HO1120,,12:25:00,15:20:00,2021-03-09 14:37:55,3.8,800,43
664,HO1120,,12:25:00,15:20:00,2021-03-10 14:27:58,3.8,800,42
691,HO1120,,12:25:00,15:20:00,2021-03-11 14:30:33,3.8,800,41
718,HO1120,,12:15:00,14:55:00,2021-03-12 14:07:17,3.8,800,40
746,HO1120,,12:15:00,14:55:00,2021-03-13 14:19:23,3.8,800,39
760,HO1120,,12:15:00,14:55:00,2021-03-14 14:43:43,3.8,800,38
786,HO1120,,12:15:00,14:55:00,2021-03-15 14:34:29,3.8,800,37
804,HO1120,,12:15:00,14:55:00,2021-03-16 14:30:53,3.8,800,36
813,HO1120,,12:15:00,14:55:00,2021-03-17 14:22:54,3.8,800,35
851,HO1120,,12:15:00,14:55:00,2021-03-19 14:40:12,3.8,800,33
867,HO1120,,12:15:00,14:55:00,2021-03-20 14:20:46,3.8,800,32
894,HO1120,,12:15:00,14:55:00,2021-03-21 14:43:57,3.8,800,31
933,HO1120,,12:15:00,14:55:00,2021-03-22 14:12:21,4.8,1010,30
965,HO1120,,12:15:00,14:55:00,2021-03-23 14:37:13,5.2,1096,29
980,HO1120,,12:15:00,14:55:00,2021-03-24 14:45:38,0.2,44,28
1018,HO1120,,12:15:00,14:55:00,2021-03-25 13:56:23,5.2,1096,27
1059,HO1120,,12:15:00,14:55:00,2021-03-26 14:41:35,5.2,1096,26
1090,HO1120,,12:15:00,14:55:00,2021-03-28 22:53:34,5.2,1096,24
1118,HO1120,,12:15:00,14:55:00,2021-03-29 14:40:57,5.2,1096,23
1179,HO1120,,12:15:00,14:55:00,2021-03-30 14:12:45,5.2,1096,22
1203,HO1120,,12:15:00,14:55:00,2021-03-31 13:57:35,5.2,1096,21
1242,HO1120,,12:15:00,14:55:00,2021-04-01 13:45:59,5.2,1096,20
1314,HO1120,,12:15:00,14:55:00,2021-04-02 14:02:21,5.2,1096,19
1357,HO1120,,12:15:00,14:55:00,2021-04-03 14:10:37,4.8,1010,18
1372,HO1120,,12:15:00,14:55:00,2021-04-04 13:42:35,4.8,1010,17
1428,HO1120,,12:15:00,14:55:00,2021-04-05 13:58:08,4.8,1010,16
1462,HO1120,,12:15:00,14:55:00,2021-04-06 14:08:54,4.8,1010,15
1503,HO1120,,12:15:00,14:55:00,2021-04-07 13:57:15,4.8,1010,14
1575,HO1120,,12:15:00,14:55:00,2021-04-08 14:23:30,4.8,1010,13
1588,HO1120,,12:15:00,14:55:00,2021-04-09 14:07:02,5.2,1096,12
1611,HO1120,,12:15:00,14:55:00,2021-04-10 13:44:26,5.2,1096,11
1644,HO1120,,12:15:00,14:55:00,2021-04-11 13:43:21,5.2,1096,10
1716,HO1120,,12:15:00,14:55:00,2021-04-12 14:32:55,5.1,1091,9
1760,HO1120,,12:15:00,14:55:00,2021-04-13 14:19:03,5.1,1091,8
1777,HO1120,,12:15:00,14:55:00,2021-04-14 13:44:01,5.1,1091,7
1809,HO1120,,12:15:00,14:55:00,2021-04-15 13:44:22,6.1,1291,6
1887,HO1120,,12:15:00,14:55:00,2021-04-16 14:27:56,6.1,1296,5
1901,HO1120,,12:15:00,14:55:00,2021-04-17 13:39:36,6.1,1296,4
1944,HO1120,,12:15:00,14:55:00,2021-04-18 13:44:01,6.1,1296,3
1996,HO1120,,12:15:00,14:55:00,2021-04-19 13:36:06,5.2,1096,2
2008,HO1120,,12:15:00,14:55:00,2021-04-20 14:24:48,5.2,1096,1
2061,HO1120,,12:15:00,14:55:00,2021-04-21 14:25:00,6.1,1296,0
950,HO5512,CA4501,16:30:00,19:30:00,2021-03-23 14:37:13,5.2,1210,29
975,HO5512,CA4501,16:30:00,19:30:00,2021-03-24 14:45:38,5.2,1210,28
1053,HO5512,CA4501,16:30:00,19:30:00,2021-03-26 14:41:35,5.2,1210,26
1096,HO5512,CA4501,16:30:00,19:30:00,2021-03-28 22:53:34,5.2,1210,24
1121,HO5512,CA4501,16:30:00,19:30:00,2021-03-29 14:40:57,5.2,1210,23
1174,HO5512,CA4501,16:30:00,19:30:00,2021-03-30 14:12:45,5.0,1170,22
1209,HO5512,CA4501,16:30:00,19:30:00,2021-03-31 13:57:35,5.0,1170,21
1248,HO5512,CA4501,16:30:00,19:30:00,2021-04-01 13:45:59,5.0,1170,20
1308,HO5512,CA4501,16:30:00,19:30:00,2021-04-02 14:02:21,5.0,1170,19
1350,HO5512,CA4501,16:30:00,19:30:00,2021-04-03 14:10:37,5.1,1190,18
1379,HO5512,CA4501,16:30:00,19:30:00,2021-04-04 13:42:35,5.1,1190,17
1437,HO5512,CA4501,16:30:00,19:30:00,2021-04-05 13:58:08,5.1,1190,16
1455,HO5512,CA4501,16:30:00,19:30:00,2021-04-06 14:08:54,5.1,1190,15
1510,HO5512,CA4501,16:30:00,19:30:00,2021-04-07 13:57:15,5.1,1190,14
1569,HO5512,CA4501,16:30:00,19:30:00,2021-04-08 14:23:30,5.1,1190,13
1650,HO5512,CA4501,16:30:00,19:30:00,2021-04-11 13:43:21,5.1,1190,10
1710,HO5512,CA4501,16:30:00,19:30:00,2021-04-12 14:32:55,5.1,1190,9
1753,HO5512,CA4501,16:30:00,19:30:00,2021-04-13 14:19:03,4.5,1060,8
1792,HO5512,CA4501,16:30:00,19:30:00,2021-04-14 13:44:01,5.1,1190,7
1846,HO5512,CA4501,16:30:00,19:30:00,2021-04-15 13:44:22,4.5,1040,6
1852,HO5512,CA4501,16:30:00,19:30:00,2021-04-16 14:27:56,5.4,1260,5
1936,HO5512,CA4501,16:30:00,19:30:00,2021-04-17 13:39:36,4.4,1040,4
1961,HO5512,CA4501,16:30:00,19:30:00,2021-04-19 13:36:06,4.4,1040,2
2014,HO5512,CA4501,16:30:00,19:30:00,2021-04-20 14:24:48,6.2,1440,1
2055,HO5512,CA4501,16:30:00,19:30:00,2021-04-21 14:25:00,6.9,1610,0
1034,HO5735,MU2220,07:55:00,10:40:00,2021-03-26 14:41:35,4.6,1070,26
1075,HO5735,MU2220,07:55:00,10:40:00,2021-03-28 22:53:34,4.6,1070,24
1135,HO5735,MU2220,07:55:00,10:40:00,2021-03-29 14:40:57,4.6,1070,23
1193,HO5735,MU2220,07:55:00,10:40:00,2021-03-30 14:12:45,4.6,1070,22
1228,HO5735,MU2220,07:55:00,10:40:00,2021-03-31 13:57:35,4.6,1070,21
1268,HO5735,MU2220,07:55:00,10:40:00,2021-04-01 13:45:59,4.6,1070,20
1289,HO5735,MU2220,07:55:00,10:40:00,2021-04-02 14:02:21,4.6,1070,19
1331,HO5735,MU2220,07:55:00,10:40:00,2021-04-03 14:10:37,4.6,1070,18
1400,HO5735,MU2220,07:55:00,10:40:00,2021-04-04 13:42:35,4.6,1070,17
1443,HO5735,MU2220,07:55:00,10:40:00,2021-04-05 13:58:08,4.6,1070,16
1470,HO5735,MU2220,07:55:00,10:40:00,2021-04-06 14:08:54,4.6,1070,15
1532,HO5735,MU2220,07:55:00,10:40:00,2021-04-07 13:57:15,4.6,1070,14
1548,HO5735,MU2220,07:55:00,10:40:00,2021-04-08 14:23:30,4.6,1070,13
1632,HO5735,MU2220,07:55:00,10:40:00,2021-04-10 13:44:26,4.6,1070,11
1671,HO5735,MU2220,07:55:00,10:40:00,2021-04-11 13:43:21,4.6,1070,10
1688,HO5735,MU2220,07:55:00,10:40:00,2021-04-12 14:32:55,4.6,1070,9
1731,HO5735,MU2220,07:55:00,10:40:00,2021-04-13 14:19:03,4.6,1070,8
1796,HO5735,MU2220,07:55:00,10:40:00,2021-04-14 13:44:01,4.6,1070,7
1814,HO5735,MU2220,07:55:00,10:40:00,2021-04-15 13:44:22,4.6,1070,6
1861,HO5735,MU2220,07:55:00,10:40:00,2021-04-16 14:27:56,4.5,1040,5
1916,HO5735,MU2220,07:55:00,10:40:00,2021-04-17 13:39:36,5.0,1160,4
1986,HO5735,MU2220,07:55:00,10:40:00,2021-04-19 13:36:06,4.4,1040,2
2019,HO5735,MU2220,07:55:00,10:40:00,2021-04-20 14:24:48,7.1,1650,1
2072,HO5735,MU2220,07:55:00,10:40:00,2021-04-21 14:25:00,7.1,1650,0
938,MF1879,CZ8244,17:45:00,20:20:00,2021-03-23 14:37:13,5.3,1240,29
987,MF1879,CZ8244,17:45:00,20:20:00,2021-03-24 14:45:38,5.3,1240,28
1042,MF1879,CZ8244,17:45:00,20:20:00,2021-03-26 14:41:35,5.3,1240,26
1083,MF1879,CZ8244,17:45:00,20:20:00,2021-03-28 22:53:34,6.4,1240,24
1127,MF1879,CZ8244,17:45:00,20:20:00,2021-03-29 14:40:57,6.4,1240,23
1154,MF1879,CZ8244,17:45:00,20:20:00,2021-03-30 14:12:45,6.4,1240,22
1236,MF1879,CZ8244,17:45:00,20:20:00,2021-03-31 13:57:35,6.2,1190,21
1278,MF1879,CZ8244,17:45:00,20:20:00,2021-04-01 13:45:59,6.2,1190,20
1281,MF1879,CZ8244,17:45:00,20:20:00,2021-04-02 14:02:21,6.2,1190,19
1323,MF1879,CZ8244,17:45:00,20:20:00,2021-04-03 14:10:37,6.2,1190,18
1384,MF1879,CZ8244,17:45:00,20:20:00,2021-04-04 13:42:35,6.2,1190,17
1445,MF1879,CZ8244,17:45:00,20:20:00,2021-04-05 13:58:08,6.2,1190,16
1452,MF1879,CZ8244,17:45:00,20:20:00,2021-04-06 14:08:54,6.2,1190,15
1514,MF1879,CZ8244,17:45:00,20:20:00,2021-04-07 13:57:15,6.2,1190,14
1540,MF1879,CZ8244,17:45:00,20:20:00,2021-04-08 14:23:30,6.2,1190,13
1679,MF1879,CZ8244,17:45:00,20:20:00,2021-04-11 13:43:21,6.2,1190,10
1685,MF1879,CZ8244,17:45:00,20:20:00,2021-04-12 14:32:55,6.2,1190,9
1739,MF1879,CZ8244,17:45:00,20:20:00,2021-04-13 14:19:03,5.4,1040,8
1766,MF1879,CZ8244,17:45:00,20:20:00,2021-04-14 13:44:01,5.4,1040,7
1851,MF1879,CZ8244,17:45:00,20:20:00,2021-04-15 13:44:22,5.4,1040,6
1853,MF1879,CZ8244,17:45:00,20:20:00,2021-04-16 14:27:56,6.2,1190,5
1908,MF1879,CZ8244,17:45:00,20:20:00,2021-04-17 13:39:36,6.2,1190,4
1984,MF1879,CZ8244,17:45:00,20:20:00,2021-04-19 13:36:06,6.2,1190,2
2041,MF1879,CZ8244,17:45:00,20:20:00,2021-04-20 14:24:48,5.4,1040,1
2080,MF1879,CZ8244,17:45:00,20:20:00,2021-04-21 14:25:00,6.9,1330,0
839,MF4886,CZ8244,17:45:00,20:20:00,2021-03-19 14:40:12,4.5,1040,33
871,MF4886,CZ8244,17:45:00,20:20:00,2021-03-20 14:20:46,4.5,1040,32
898,MF4886,CZ8244,17:45:00,20:20:00,2021-03-21 14:43:57,4.5,1040,31
619,MU2220,,07:55:00,10:40:00,2021-03-07 14:33:24,3.8,880,45
639,MU2220,,07:55:00,10:40:00,2021-03-08 14:27:11,3.9,900,44
670,MU2220,,07:55:00,10:40:00,2021-03-10 14:27:58,3.9,900,42
700,MU2220,,07:55:00,10:40:00,2021-03-11 14:30:33,3.9,900,41
710,MU2220,,07:55:00,10:40:00,2021-03-12 14:07:17,3.9,900,40
735,MU2220,,07:55:00,10:40:00,2021-03-13 14:19:23,3.9,900,39
752,MU2220,,07:55:00,10:40:00,2021-03-14 14:43:43,3.9,900,38
777,MU2220,,07:55:00,10:40:00,2021-03-15 14:34:29,3.8,880,37
796,MU2220,,07:55:00,10:40:00,2021-03-16 14:30:53,3.9,900,36
819,MU2220,,07:55:00,10:40:00,2021-03-17 14:22:54,3.9,900,35
841,MU2220,,07:55:00,10:40:00,2021-03-19 14:40:12,3.9,900,33
873,MU2220,,07:55:00,10:40:00,2021-03-20 14:20:46,3.9,900,32
899,MU2220,,07:55:00,10:40:00,2021-03-21 14:43:57,3.9,900,31
928,MU2220,,07:55:00,10:40:00,2021-03-22 14:12:21,3.9,900,30
952,MU2220,,07:55:00,10:40:00,2021-03-23 14:37:13,3.9,900,29
973,MU2220,,07:55:00,10:40:00,2021-03-24 14:45:38,3.6,850,28
1005,MU2220,,07:55:00,10:40:00,2021-03-25 13:56:23,3.9,900,27
1049,MU2220,,07:55:00,10:40:00,2021-03-26 14:41:35,4.3,1000,26
1099,MU2220,,07:55:00,10:40:00,2021-03-28 22:53:34,4.3,1000,24
1152,MU2220,,07:55:00,10:40:00,2021-03-29 14:40:57,4.3,1000,23
1171,MU2220,,07:55:00,10:40:00,2021-03-30 14:12:45,4.3,1000,22
1212,MU2220,,07:55:00,10:40:00,2021-03-31 13:57:35,4.1,950,21
1252,MU2220,,07:55:00,10:40:00,2021-04-01 13:45:59,4.3,1000,20
1305,MU2220,,07:55:00,10:40:00,2021-04-02 14:02:21,4.3,1000,19
1347,MU2220,,07:55:00,10:40:00,2021-04-03 14:10:37,4.3,1000,18
1382,MU2220,,07:55:00,10:40:00,2021-04-04 13:42:35,4.3,1000,17
1423,MU2220,,07:55:00,10:40:00,2021-04-05 13:58:08,4.1,950,16
1488,MU2220,,07:55:00,10:40:00,2021-04-06 14:08:54,4.3,1000,15
1513,MU2220,,07:55:00,10:40:00,2021-04-07 13:57:15,4.3,1000,14
1566,MU2220,,07:55:00,10:40:00,2021-04-08 14:23:30,4.3,1000,13
1593,MU2220,,07:55:00,10:40:00,2021-04-09 14:07:02,4.3,1000,12
1618,MU2220,,07:55:00,10:40:00,2021-04-10 13:44:26,4.3,1000,11
1653,MU2220,,07:55:00,10:40:00,2021-04-11 13:43:21,4.3,1000,10
1707,MU2220,,07:55:00,10:40:00,2021-04-12 14:32:55,4.3,1000,9
1754,MU2220,,07:55:00,10:40:00,2021-04-13 14:19:03,4.3,1000,8
1790,MU2220,,07:55:00,10:40:00,2021-04-14 13:44:01,4.1,950,7
1832,MU2220,,07:55:00,10:40:00,2021-04-15 13:44:22,4.3,1000,6
1879,MU2220,,07:55:00,10:40:00,2021-04-16 14:27:56,4.3,1000,5
1934,MU2220,,07:55:00,10:40:00,2021-04-17 13:39:36,4.2,990,4
1948,MU2220,,07:55:00,10:40:00,2021-04-18 13:44:01,4.3,1000,3
1964,MU2220,,07:55:00,10:40:00,2021-04-19 13:36:06,4.3,1000,2
2037,MU2220,,07:55:00,10:40:00,2021-04-20 14:24:48,6.1,1410,1
2052,MU2220,,07:55:00,10:40:00,2021-04-21 14:25:00,6.1,1410,0
1356,MU3444,HO1058,05:55:00,08:40:00,2021-04-03 14:10:37,10.0,2330,18
1373,MU3444,HO1058,05:55:00,08:40:00,2021-04-04 13:42:35,10.0,2330,17
1429,MU3444,HO1058,05:55:00,08:40:00,2021-04-05 13:58:08,10.0,2330,16
1461,MU3444,HO1058,05:55:00,08:40:00,2021-04-06 14:08:54,10.0,2330,15
1504,MU3444,HO1058,05:55:00,08:40:00,2021-04-07 13:57:15,10.0,2330,14
1539,MU3444,HO1058,05:55:00,08:40:00,2021-04-08 14:23:30,10.0,2330,13
1030,MU3448,HO1098,14:55:00,17:40:00,2021-03-26 14:41:35,10.0,2330,26
1071,MU3448,HO1098,14:55:00,17:40:00,2021-03-28 22:53:34,10.0,2330,24
1139,MU3448,HO1098,14:55:00,17:40:00,2021-03-29 14:40:57,10.0,2330,23
1158,MU3448,HO1098,14:55:00,17:40:00,2021-03-30 14:12:45,10.0,2330,22
1224,MU3448,HO1098,14:55:00,17:40:00,2021-03-31 13:57:35,10.0,2330,21
1264,MU3448,HO1098,14:55:00,17:40:00,2021-04-01 13:45:59,10.0,2330,20
1292,MU3448,HO1098,14:55:00,17:40:00,2021-04-02 14:02:21,10.0,2330,19
1335,MU3448,HO1098,14:55:00,17:40:00,2021-04-03 14:10:37,10.0,2330,18
1396,MU3448,HO1098,14:55:00,17:40:00,2021-04-04 13:42:35,10.0,2330,17
1410,MU3448,HO1098,14:55:00,17:40:00,2021-04-05 13:58:08,10.0,2330,16
1474,MU3448,HO1098,14:55:00,17:40:00,2021-04-06 14:08:54,10.0,2330,15
1528,MU3448,HO1098,14:55:00,17:40:00,2021-04-07 13:57:15,10.0,2330,14
1552,MU3448,HO1098,14:55:00,17:40:00,2021-04-08 14:23:30,10.0,2330,13
1628,MU3448,HO1098,14:55:00,17:40:00,2021-04-10 13:44:26,10.0,2330,11
1667,MU3448,HO1098,14:55:00,17:40:00,2021-04-11 13:43:21,10.0,2330,10
1693,MU3448,HO1098,14:55:00,17:40:00,2021-04-12 14:32:55,10.0,2330,9
1727,MU3448,HO1098,14:55:00,17:40:00,2021-04-13 14:19:03,10.0,2330,8
1800,MU3448,HO1098,14:55:00,17:40:00,2021-04-14 13:44:01,10.0,2330,7
1818,MU3448,HO1098,14:55:00,17:40:00,2021-04-15 13:44:22,10.0,2330,6
1865,MU3448,HO1098,14:55:00,17:40:00,2021-04-16 14:27:56,10.0,2330,5
1920,MU3448,HO1098,14:55:00,17:40:00,2021-04-17 13:39:36,10.0,2340,4
1978,MU3448,HO1098,14:55:00,17:40:00,2021-04-19 13:36:06,10.0,2340,2
2023,MU3448,HO1098,14:55:00,17:40:00,2021-04-20 14:24:48,10.0,2340,1
2067,MU3448,HO1098,14:55:00,17:40:00,2021-04-21 14:25:00,10.0,2340,0
1041,MU3450,HO1120,12:15:00,14:55:00,2021-03-26 14:41:35,10.0,2330,26
1082,MU3450,HO1120,12:15:00,14:55:00,2021-03-28 22:53:34,10.0,2330,24
1128,MU3450,HO1120,12:15:00,14:55:00,2021-03-29 14:40:57,10.0,2330,23
1156,MU3450,HO1120,12:15:00,14:55:00,2021-03-30 14:12:45,10.0,2330,22
1235,MU3450,HO1120,12:15:00,14:55:00,2021-03-31 13:57:35,10.0,2330,21
1277,MU3450,HO1120,12:15:00,14:55:00,2021-04-01 13:45:59,10.0,2330,20
1282,MU3450,HO1120,12:15:00,14:55:00,2021-04-02 14:02:21,10.0,2330,19
1324,MU3450,HO1120,12:15:00,14:55:00,2021-04-03 14:10:37,10.0,2330,18
1407,MU3450,HO1120,12:15:00,14:55:00,2021-04-04 13:42:35,10.0,2330,17
1435,MU3450,HO1120,12:15:00,14:55:00,2021-04-05 13:58:08,10.0,2330,16
1451,MU3450,HO1120,12:15:00,14:55:00,2021-04-06 14:08:54,10.0,2330,15
1538,MU3450,HO1120,12:15:00,14:55:00,2021-04-07 13:57:15,10.0,2330,14
1541,MU3450,HO1120,12:15:00,14:55:00,2021-04-08 14:23:30,10.0,2330,13
1636,MU3450,HO1120,12:15:00,14:55:00,2021-04-10 13:44:26,10.0,2330,11
1678,MU3450,HO1120,12:15:00,14:55:00,2021-04-11 13:43:21,10.0,2330,10
1684,MU3450,HO1120,12:15:00,14:55:00,2021-04-12 14:32:55,10.0,2330,9
1738,MU3450,HO1120,12:15:00,14:55:00,2021-04-13 14:19:03,10.0,2330,8
1768,MU3450,HO1120,12:15:00,14:55:00,2021-04-14 13:44:01,10.0,2330,7
1850,MU3450,HO1120,12:15:00,14:55:00,2021-04-15 13:44:22,10.0,2330,6
1854,MU3450,HO1120,12:15:00,14:55:00,2021-04-16 14:27:56,10.0,2330,5
1909,MU3450,HO1120,12:15:00,14:55:00,2021-04-17 13:39:36,10.0,2340,4
1983,MU3450,HO1120,12:15:00,14:55:00,2021-04-19 13:36:06,10.0,2340,2
2043,MU3450,HO1120,12:15:00,14:55:00,2021-04-20 14:24:48,10.0,2340,1
2079,MU3450,HO1120,12:15:00,14:55:00,2021-04-21 14:25:00,10.0,2340,0
669,MU5404,,09:00:00,11:40:00,2021-03-10 14:27:58,5.0,1170,42
699,MU5404,,09:00:00,11:40:00,2021-03-11 14:30:33,5.0,1170,41
711,MU5404,,09:00:00,11:40:00,2021-03-12 14:07:17,5.0,1170,40
736,MU5404,,09:00:00,11:40:00,2021-03-13 14:19:23,5.0,1170,39
753,MU5404,,09:00:00,11:40:00,2021-03-14 14:43:43,4.5,1050,38
778,MU5404,,09:00:00,11:40:00,2021-03-15 14:34:29,4.4,1030,37
797,MU5404,,09:00:00,11:40:00,2021-03-16 14:30:53,4.5,1050,36
820,MU5404,,09:00:00,11:40:00,2021-03-17 14:22:54,4.5,1050,35
840,MU5404,,09:00:00,11:40:00,2021-03-19 14:40:12,4.5,1050,33
872,MU5404,,09:00:00,11:40:00,2021-03-20 14:20:46,4.5,1050,32
887,MU5404,,09:00:00,11:40:00,2021-03-21 14:43:57,4.5,1050,31
929,MU5404,,09:00:00,11:40:00,2021-03-22 14:12:21,4.5,1050,30
951,MU5404,,09:00:00,11:40:00,2021-03-23 14:37:13,4.5,1050,29
974,MU5404,,09:00:00,11:40:00,2021-03-24 14:45:38,4.4,1020,28
1014,MU5404,,09:00:00,11:40:00,2021-03-25 13:56:23,4.5,1050,27
1050,MU5404,,09:00:00,11:40:00,2021-03-26 14:41:35,4.7,1100,26
1100,MU5404,,09:00:00,11:40:00,2021-03-28 22:53:34,4.7,1100,24
1151,MU5404,,09:00:00,11:40:00,2021-03-29 14:40:57,4.7,1100,23
1170,MU5404,,09:00:00,11:40:00,2021-03-30 14:12:45,4.7,1100,22
1213,MU5404,,09:00:00,11:40:00,2021-03-31 13:57:35,4.6,1070,21
1251,MU5404,,09:00:00,11:40:00,2021-04-01 13:45:59,4.7,1100,20
1304,MU5404,,09:00:00,11:40:00,2021-04-02 14:02:21,4.7,1100,19
1346,MU5404,,09:00:00,11:40:00,2021-04-03 14:10:37,4.7,1100,18
1383,MU5404,,09:00:00,11:40:00,2021-04-04 13:42:35,4.7,1100,17
1422,MU5404,,09:00:00,11:40:00,2021-04-05 13:58:08,4.6,1070,16
1487,MU5404,,09:00:00,11:40:00,2021-04-06 14:08:54,4.7,1100,15
1515,MU5404,,09:00:00,11:40:00,2021-04-07 13:57:15,4.7,1100,14
1565,MU5404,,09:00:00,11:40:00,2021-04-08 14:23:30,4.7,1100,13
1592,MU5404,,09:00:00,11:40:00,2021-04-09 14:07:02,4.7,1100,12
1617,MU5404,,09:00:00,11:40:00,2021-04-10 13:44:26,4.7,1100,11
1654,MU5404,,09:00:00,11:40:00,2021-04-11 13:43:21,4.7,1100,10
1706,MU5404,,09:00:00,11:40:00,2021-04-12 14:32:55,4.7,1100,9
1755,MU5404,,09:00:00,11:40:00,2021-04-13 14:19:03,4.7,1100,8
1789,MU5404,,09:00:00,11:40:00,2021-04-14 13:44:01,4.6,1070,7
1831,MU5404,,09:00:00,11:40:00,2021-04-15 13:44:22,4.5,1040,6
1878,MU5404,,09:00:00,11:40:00,2021-04-16 14:27:56,4.5,1040,5
1933,MU5404,,09:00:00,11:40:00,2021-04-17 13:39:36,4.3,1010,4
1947,MU5404,,09:00:00,11:40:00,2021-04-18 13:44:01,4.5,1040,3
1965,MU5404,,09:00:00,11:40:00,2021-04-19 13:36:06,4.5,1040,2
2036,MU5404,,09:00:00,11:40:00,2021-04-20 14:24:48,6.2,1440,1
2051,MU5404,,09:00:00,11:40:00,2021-04-21 14:25:00,6.2,1440,0
617,MU5406,,09:40:00,12:35:00,2021-03-07 14:33:24,4.9,1150,45
637,MU5406,,09:40:00,12:35:00,2021-03-08 14:27:11,5.0,1170,44
667,MU5406,,09:40:00,12:35:00,2021-03-10 14:27:58,5.0,1170,42
702,MU5406,,09:40:00,12:35:00,2021-03-11 14:30:33,5.0,1170,41
708,MU5406,,09:40:00,12:35:00,2021-03-12 14:07:17,5.0,1170,40
744,MU5406,,09:40:00,12:35:00,2021-03-13 14:19:23,5.0,1170,39
750,MU5406,,09:40:00,12:35:00,2021-03-14 14:43:43,5.0,1170,38
775,MU5406,,09:40:00,12:35:00,2021-03-15 14:34:29,4.9,1150,37
794,MU5406,,09:40:00,12:35:00,2021-03-16 14:30:53,5.0,1170,36
817,MU5406,,09:40:00,12:35:00,2021-03-17 14:22:54,5.0,1170,35
846,MU5406,,09:40:00,12:35:00,2021-03-19 14:40:12,5.0,1170,33
874,MU5406,,09:40:00,12:35:00,2021-03-20 14:20:46,5.0,1170,32
900,MU5406,,09:40:00,12:35:00,2021-03-21 14:43:57,5.0,1170,31
927,MU5406,,09:40:00,12:35:00,2021-03-22 14:12:21,5.0,1170,30
953,MU5406,,09:40:00,12:35:00,2021-03-23 14:37:13,5.0,1170,29
972,MU5406,,09:40:00,12:35:00,2021-03-24 14:45:38,4.9,1140,28
1013,MU5406,,09:40:00,12:35:00,2021-03-25 13:56:23,5.0,1170,27
1048,MU5406,,09:40:00,12:35:00,2021-03-26 14:41:35,5.2,1200,26
1101,MU5406,,09:40:00,12:35:00,2021-03-28 22:53:34,5.2,1200,24
1150,MU5406,,09:40:00,12:35:00,2021-03-29 14:40:57,5.2,1200,23
1169,MU5406,,09:40:00,12:35:00,2021-03-30 14:12:45,5.1,1190,22
1214,MU5406,,09:40:00,12:35:00,2021-03-31 13:57:35,5.0,1160,21
1253,MU5406,,09:40:00,12:35:00,2021-04-01 13:45:59,5.1,1190,20
1303,MU5406,,09:40:00,12:35:00,2021-04-02 14:02:21,5.1,1190,19
1345,MU5406,,09:40:00,12:35:00,2021-04-03 14:10:37,5.1,1190,18
1385,MU5406,,09:40:00,12:35:00,2021-04-04 13:42:35,5.1,1190,17
1421,MU5406,,09:40:00,12:35:00,2021-04-05 13:58:08,5.0,1160,16
1486,MU5406,,09:40:00,12:35:00,2021-04-06 14:08:54,5.1,1190,15
1516,MU5406,,09:40:00,12:35:00,2021-04-07 13:57:15,5.1,1190,14
1564,MU5406,,09:40:00,12:35:00,2021-04-08 14:23:30,5.1,1190,13
1594,MU5406,,09:40:00,12:35:00,2021-04-09 14:07:02,5.1,1190,12
1619,MU5406,,09:40:00,12:35:00,2021-04-10 13:44:26,5.1,1190,11
1655,MU5406,,09:40:00,12:35:00,2021-04-11 13:43:21,5.1,1190,10
1705,MU5406,,09:40:00,12:35:00,2021-04-12 14:32:55,5.1,1190,9
1750,MU5406,,09:40:00,12:35:00,2021-04-13 14:19:03,5.1,1190,8
1788,MU5406,,09:40:00,12:35:00,2021-04-14 13:44:01,5.0,1160,7
1830,MU5406,,09:40:00,12:35:00,2021-04-15 13:44:22,4.9,1150,6
1877,MU5406,,09:40:00,12:35:00,2021-04-16 14:27:56,4.9,1150,5
1932,MU5406,,09:40:00,12:35:00,2021-04-17 13:39:36,4.8,1120,4
1949,MU5406,,09:40:00,12:35:00,2021-04-18 13:44:01,4.5,1040,3
1966,MU5406,,09:40:00,12:35:00,2021-04-19 13:36:06,4.9,1150,2
2035,MU5406,,09:40:00,12:35:00,2021-04-20 14:24:48,6.2,1440,1
2050,MU5406,,09:40:00,12:35:00,2021-04-21 14:25:00,6.2,1440,0
633,MU5408,,11:35:00,14:05:00,2021-03-07 14:33:24,4.9,1150,45
654,MU5408,,11:35:00,14:05:00,2021-03-08 14:27:11,5.0,1170,44
682,MU5408,,11:35:00,14:05:00,2021-03-10 14:27:58,5.0,1170,42
686,MU5408,,11:35:00,14:05:00,2021-03-11 14:30:33,5.0,1170,41
723,MU5408,,11:35:00,14:05:00,2021-03-12 14:07:17,5.0,1170,40
737,MU5408,,11:35:00,14:05:00,2021-03-13 14:19:23,5.0,1170,39
767,MU5408,,11:35:00,14:05:00,2021-03-14 14:43:43,5.0,1170,38
771,MU5408,,11:35:00,14:05:00,2021-03-15 14:34:29,4.9,1150,37
811,MU5408,,11:35:00,14:05:00,2021-03-16 14:30:53,5.0,1170,36
834,MU5408,,11:35:00,14:05:00,2021-03-17 14:22:54,5.0,1170,35
859,MU5408,,11:35:00,14:05:00,2021-03-19 14:40:12,5.0,1170,33
861,MU5408,,11:35:00,14:05:00,2021-03-20 14:20:46,5.0,1170,32
911,MU5408,,11:35:00,14:05:00,2021-03-21 14:43:57,5.0,1170,31
924,MU5408,,11:35:00,14:05:00,2021-03-22 14:12:21,5.0,1170,30
959,MU5408,,11:35:00,14:05:00,2021-03-23 14:37:13,5.3,1227,29
994,MU5408,,11:35:00,14:05:00,2021-03-24 14:45:38,4.9,1150,28
1023,MU5408,,11:35:00,14:05:00,2021-03-25 13:56:23,5.3,1227,27
1066,MU5408,,11:35:00,14:05:00,2021-03-26 14:41:35,5.4,1257,26
1111,MU5408,,11:35:00,14:05:00,2021-03-28 22:53:34,5.4,1257,24
1114,MU5408,,11:35:00,14:05:00,2021-03-29 14:40:57,5.4,1257,23
1186,MU5408,,11:35:00,14:05:00,2021-03-30 14:12:45,5.4,1247,22
1237,MU5408,,11:35:00,14:05:00,2021-03-31 13:57:35,5.3,1227,21
1274,MU5408,,11:35:00,14:05:00,2021-04-01 13:45:59,5.4,1247,20
1319,MU5408,,11:35:00,14:05:00,2021-04-02 14:02:21,5.4,1247,19
1364,MU5408,,11:35:00,14:20:00,2021-04-03 14:10:37,5.1,1190,18
1365,MU5408,,11:35:00,14:20:00,2021-04-04 13:42:35,5.1,1190,17
1446,MU5408,,11:35:00,14:20:00,2021-04-05 13:58:08,5.0,1170,16
1469,MU5408,,11:35:00,14:20:00,2021-04-06 14:08:54,5.1,1190,15
1496,MU5408,,11:35:00,14:20:00,2021-04-07 13:57:15,5.1,1190,14
1582,MU5408,,11:35:00,14:20:00,2021-04-08 14:23:30,5.1,1190,13
1583,MU5408,,11:35:00,14:20:00,2021-04-09 14:07:02,5.4,1247,12
1606,MU5408,,11:35:00,14:20:00,2021-04-10 13:44:26,5.4,1247,11
1637,MU5408,,11:35:00,14:20:00,2021-04-11 13:43:21,5.4,1247,10
1691,MU5408,,11:35:00,14:20:00,2021-04-12 14:32:55,5.4,1247,9
1744,MU5408,,11:35:00,14:20:00,2021-04-13 14:19:03,5.4,1247,8
1784,MU5408,,11:35:00,14:20:00,2021-04-14 13:44:01,5.3,1227,7
1834,MU5408,,11:35:00,14:20:00,2021-04-15 13:44:22,5.2,1207,6
1894,MU5408,,11:35:00,14:20:00,2021-04-16 14:27:56,5.2,1207,5
1896,MU5408,,11:35:00,14:20:00,2021-04-17 13:39:36,5.6,1297,4
1939,MU5408,,11:35:00,14:20:00,2021-04-18 13:44:01,4.7,1097,3
1991,MU5408,,11:35:00,14:20:00,2021-04-19 13:36:06,4.7,1097,2
2015,MU5408,,11:35:00,14:20:00,2021-04-20 14:24:48,6.4,1497,1
2048,MU5408,,11:35:00,14:20:00,2021-04-21 14:25:00,6.4,1497,0
614,MU5410,,12:25:00,15:00:00,2021-03-07 14:33:24,4.9,1150,45
634,MU5410,,12:25:00,15:00:00,2021-03-08 14:27:11,5.0,1170,44
675,MU5410,,12:25:00,15:00:00,2021-03-10 14:27:58,5.0,1170,42
694,MU5410,,12:25:00,15:00:00,2021-03-11 14:30:33,5.0,1170,41
716,MU5410,,12:25:00,15:00:00,2021-03-12 14:07:17,5.0,1170,40
742,MU5410,,12:25:00,15:00:00,2021-03-13 14:19:23,5.0,1170,39
757,MU5410,,12:25:00,15:00:00,2021-03-14 14:43:43,5.0,1170,38
783,MU5410,,12:25:00,15:00:00,2021-03-15 14:34:29,4.9,1150,37
801,MU5410,,12:25:00,15:00:00,2021-03-16 14:30:53,5.4,1260,36
825,MU5410,,12:25:00,15:00:00,2021-03-17 14:22:54,5.4,1260,35
848,MU5410,,12:25:00,15:00:00,2021-03-19 14:40:12,5.4,1260,33
868,MU5410,,12:25:00,15:00:00,2021-03-20 14:20:46,5.4,1260,32
895,MU5410,,12:25:00,15:00:00,2021-03-21 14:43:57,5.4,1260,31
932,MU5410,,12:25:00,15:00:00,2021-03-22 14:12:21,5.4,1260,30
968,MU5410,,12:25:00,15:00:00,2021-03-23 14:37:13,5.6,1308,29
978,MU5410,,12:25:00,15:00:00,2021-03-24 14:45:38,5.3,1240,28
1017,MU5410,,12:25:00,15:00:00,2021-03-25 13:56:23,5.6,1308,27
1056,MU5410,,12:25:00,15:00:00,2021-03-26 14:41:35,5.8,1348,26
1093,MU5410,,12:25:00,15:00:00,2021-03-28 22:53:34,5.8,1348,24
1124,MU5410,,12:25:00,15:00:00,2021-03-29 14:40:57,5.8,1348,23
1176,MU5410,,12:25:00,15:00:00,2021-03-30 14:12:45,5.8,1348,22
1206,MU5410,,12:25:00,15:00:00,2021-03-31 13:57:35,5.7,1328,21
1245,MU5410,,12:25:00,15:00:00,2021-04-01 13:45:59,5.8,1348,20
1311,MU5410,,12:25:00,15:00:00,2021-04-02 14:02:21,5.8,1348,19
1353,MU5410,,12:25:00,15:00:00,2021-04-03 14:10:37,5.6,1300,18
1376,MU5410,,12:25:00,15:00:00,2021-04-04 13:42:35,5.6,1300,17
1432,MU5410,,12:25:00,15:00:00,2021-04-05 13:58:08,5.5,1280,16
1458,MU5410,,12:25:00,15:00:00,2021-04-06 14:08:54,5.6,1300,15
1507,MU5410,,12:25:00,15:00:00,2021-04-07 13:57:15,5.1,1190,14
1572,MU5410,,12:25:00,15:00:00,2021-04-08 14:23:30,5.1,1190,13
1589,MU5410,,12:25:00,15:00:00,2021-04-09 14:07:02,5.3,1238,12
1613,MU5410,,12:25:00,15:00:00,2021-04-10 13:44:26,5.3,1238,11
1647,MU5410,,12:25:00,15:00:00,2021-04-11 13:43:21,5.3,1238,10
1713,MU5410,,12:25:00,15:00:00,2021-04-12 14:32:55,5.3,1238,9
1763,MU5410,,12:25:00,15:00:00,2021-04-13 14:19:03,5.3,1238,8
1774,MU5410,,12:25:00,15:00:00,2021-04-14 13:44:01,5.2,1218,7
1843,MU5410,,12:25:00,15:00:00,2021-04-15 13:44:22,5.1,1198,6
1884,MU5410,,12:25:00,15:00:00,2021-04-16 14:27:56,5.6,1308,5
1898,MU5410,,12:25:00,15:00:00,2021-04-17 13:39:36,5.5,1288,4
1945,MU5410,,12:25:00,15:00:00,2021-04-18 13:44:01,4.7,1088,3
1993,MU5410,,12:25:00,15:00:00,2021-04-19 13:36:06,4.7,1088,2
2005,MU5410,,12:25:00,15:00:00,2021-04-20 14:24:48,6.4,1488,1
2058,MU5410,,12:25:00,15:00:00,2021-04-21 14:25:00,6.4,1488,0
625,MU5412,,12:35:00,15:10:00,2021-03-07 14:33:24,4.9,1150,45
643,MU5412,,12:35:00,15:10:00,2021-03-08 14:27:11,5.0,1170,44
683,MU5414,,14:10:00,16:45:00,2021-03-10 14:27:58,5.0,1170,42
687,MU5414,,14:10:00,16:45:00,2021-03-11 14:30:33,5.0,1170,41
724,MU5414,,14:10:00,16:45:00,2021-03-12 14:07:17,5.0,1170,40
728,MU5414,,14:10:00,16:45:00,2021-03-13 14:19:23,5.0,1170,39
768,MU5414,,14:10:00,16:45:00,2021-03-14 14:43:43,5.0,1170,38
770,MU5414,,14:10:00,16:45:00,2021-03-15 14:34:29,4.9,1150,37
812,MU5414,,14:10:00,16:45:00,2021-03-16 14:30:53,5.0,1170,36
814,MU5414,,14:10:00,16:45:00,2021-03-17 14:22:54,5.0,1170,35
835,MU5414,,14:10:00,16:45:00,2021-03-19 14:40:12,5.4,1260,33
876,MU5414,,14:10:00,16:45:00,2021-03-20 14:20:46,5.4,1260,32
902,MU5414,,14:10:00,16:45:00,2021-03-21 14:43:57,5.4,1260,31
925,MU5414,,14:10:00,16:45:00,2021-03-22 14:12:21,5.4,1260,30
957,MU5414,,14:10:00,16:45:00,2021-03-23 14:37:13,5.4,1260,29
1003,MU5414,,14:10:00,16:45:00,2021-03-24 14:45:38,5.3,1240,28
1011,MU5414,,14:10:00,16:45:00,2021-03-25 13:56:23,5.4,1260,27
1044,MU5414,,14:10:00,16:45:00,2021-03-26 14:41:35,5.6,1300,26
1105,MU5414,,14:10:00,16:45:00,2021-03-28 22:53:34,5.6,1300,24
1146,MU5414,,14:10:00,16:45:00,2021-03-29 14:40:57,5.6,1300,23
1165,MU5414,,14:10:00,16:45:00,2021-03-30 14:12:45,5.6,1300,22
1218,MU5414,,14:10:00,16:45:00,2021-03-31 13:57:35,5.5,1280,21
1257,MU5414,,14:10:00,16:45:00,2021-04-01 13:45:59,5.6,1300,20
1299,MU5414,,14:10:00,16:45:00,2021-04-02 14:02:21,5.6,1300,19
1341,MU5414,,14:10:00,16:55:00,2021-04-03 14:10:37,5.6,1300,18
1389,MU5414,,14:10:00,16:55:00,2021-04-04 13:42:35,5.6,1300,17
1417,MU5414,,14:10:00,16:55:00,2021-04-05 13:58:08,5.5,1280,16
1481,MU5414,,14:10:00,16:55:00,2021-04-06 14:08:54,5.6,1300,15
1521,MU5414,,14:10:00,16:55:00,2021-04-07 13:57:15,5.6,1300,14
1559,MU5414,,14:10:00,16:55:00,2021-04-08 14:23:30,5.6,1300,13
1596,MU5414,,14:10:00,16:55:00,2021-04-09 14:07:02,5.6,1300,12
1622,MU5414,,14:10:00,16:55:00,2021-04-10 13:44:26,5.6,1300,11
1660,MU5414,,14:10:00,16:55:00,2021-04-11 13:43:21,5.6,1300,10
1700,MU5414,,14:10:00,16:55:00,2021-04-12 14:32:55,5.6,1300,9
1741,MU5414,,14:10:00,16:55:00,2021-04-13 14:19:03,5.1,1190,8
1807,MU5414,,14:10:00,16:55:00,2021-04-14 13:44:01,4.6,1080,7
1825,MU5414,,14:10:00,16:55:00,2021-04-15 13:44:22,4.5,1040,6
1872,MU5414,,14:10:00,16:55:00,2021-04-16 14:27:56,4.9,1150,5
1927,MU5414,,14:10:00,16:55:00,2021-04-17 13:39:36,6.0,1400,4
1951,MU5414,,14:10:00,16:55:00,2021-04-18 13:44:01,4.9,1150,3
1971,MU5414,,14:10:00,16:55:00,2021-04-19 13:36:06,4.5,1040,2
2030,MU5414,,14:10:00,16:55:00,2021-04-20 14:24:48,6.2,1440,1
2083,MU5414,,14:10:00,16:55:00,2021-04-21 14:25:00,6.2,1440,0
622,MU5416,,15:35:00,18:10:00,2021-03-07 14:33:24,4.9,1150,45
646,MU5416,,15:35:00,18:10:00,2021-03-08 14:27:11,5.0,1170,44
674,MU5416,,15:35:00,18:10:00,2021-03-10 14:27:58,5.0,1170,42
696,MU5416,,15:35:00,18:10:00,2021-03-11 14:30:33,5.0,1170,41
714,MU5416,,15:35:00,18:10:00,2021-03-12 14:07:17,5.0,1170,40
740,MU5416,,15:35:00,18:10:00,2021-03-13 14:19:23,5.0,1170,39
756,MU5416,,15:35:00,18:10:00,2021-03-14 14:43:43,5.0,1170,38
781,MU5416,,15:35:00,18:10:00,2021-03-15 14:34:29,4.9,1150,37
800,MU5416,,15:35:00,18:10:00,2021-03-16 14:30:53,5.0,1170,36
823,MU5416,,15:35:00,18:10:00,2021-03-17 14:22:54,5.0,1170,35
844,MU5416,,15:35:00,18:10:00,2021-03-19 14:40:12,5.4,1260,33
869,MU5416,,15:35:00,18:10:00,2021-03-20 14:20:46,5.4,1260,32
896,MU5416,,15:35:00,18:10:00,2021-03-21 14:43:57,5.4,1260,31
931,MU5416,,15:35:00,18:10:00,2021-03-22 14:12:21,5.4,1260,30
969,MU5416,,15:35:00,18:10:00,2021-03-23 14:37:13,5.6,1314,29
977,MU5416,,15:35:00,18:10:00,2021-03-24 14:45:38,5.3,1240,28
1016,MU5416,,15:35:00,18:10:00,2021-03-25 13:56:23,5.6,1314,27
1055,MU5416,,15:35:00,18:10:00,2021-03-26 14:41:35,5.8,1354,26
1094,MU5416,,15:35:00,18:10:00,2021-03-28 22:53:34,5.8,1354,24
1123,MU5416,,15:35:00,18:10:00,2021-03-29 14:40:57,5.8,1354,23
1175,MU5416,,15:35:00,18:10:00,2021-03-30 14:12:45,5.8,1354,22
1207,MU5416,,15:35:00,18:10:00,2021-03-31 13:57:35,5.7,1334,21
1246,MU5416,,15:35:00,18:10:00,2021-04-01 13:45:59,5.8,1354,20
1310,MU5416,,15:35:00,18:10:00,2021-04-02 14:02:21,5.8,1354,19
1352,MU5416,,15:35:00,18:10:00,2021-04-03 14:10:37,5.6,1300,18
1377,MU5416,,15:35:00,18:10:00,2021-04-04 13:42:35,5.6,1300,17
1433,MU5416,,15:35:00,18:10:00,2021-04-05 13:58:08,5.5,1280,16
1457,MU5416,,15:35:00,18:10:00,2021-04-06 14:08:54,5.6,1300,15
1508,MU5416,,15:35:00,18:10:00,2021-04-07 13:57:15,5.6,1300,14
1571,MU5416,,15:35:00,18:10:00,2021-04-08 14:23:30,5.6,1300,13
1590,MU5416,,15:35:00,18:10:00,2021-04-09 14:07:02,5.8,1354,12
1614,MU5416,,15:35:00,18:10:00,2021-04-10 13:44:26,5.8,1354,11
1648,MU5416,,15:35:00,18:10:00,2021-04-11 13:43:21,5.8,1354,10
1712,MU5416,,15:35:00,18:10:00,2021-04-12 14:32:55,5.8,1354,9
1764,MU5416,,15:35:00,18:10:00,2021-04-13 14:19:03,5.8,1354,8
1773,MU5416,,15:35:00,18:10:00,2021-04-14 13:44:01,5.7,1334,7
1844,MU5416,,15:35:00,18:10:00,2021-04-15 13:44:22,5.6,1314,6
1883,MU5416,,15:35:00,18:10:00,2021-04-16 14:27:56,6.4,1494,5
1897,MU5416,,15:35:00,18:10:00,2021-04-17 13:39:36,6.2,1454,4
1946,MU5416,,15:35:00,18:10:00,2021-04-18 13:44:01,5.6,1314,3
1992,MU5416,,15:35:00,18:10:00,2021-04-19 13:36:06,5.2,1204,2
2004,MU5416,,15:35:00,18:10:00,2021-04-20 14:24:48,6.4,1494,1
2057,MU5416,,15:35:00,18:10:00,2021-04-21 14:25:00,7.6,1774,0
620,MU5418,,15:25:00,18:10:00,2021-03-07 14:33:24,4.9,1150,45
640,MU5418,,15:25:00,18:10:00,2021-03-08 14:27:11,5.0,1170,44
679,MU5420,,17:15:00,19:50:00,2021-03-10 14:27:58,5.0,1170,42
689,MU5420,,17:15:00,19:50:00,2021-03-11 14:30:33,5.0,1170,41
720,MU5420,,17:15:00,19:50:00,2021-03-12 14:07:17,5.0,1170,40
726,MU5420,,17:15:00,19:50:00,2021-03-13 14:19:23,5.0,1170,39
762,MU5420,,17:15:00,19:50:00,2021-03-14 14:43:43,4.5,1050,38
788,MU5420,,17:15:00,19:50:00,2021-03-15 14:34:29,4.4,1030,37
806,MU5420,,17:15:00,19:50:00,2021-03-16 14:30:53,4.5,1050,36
829,MU5420,,17:15:00,19:50:00,2021-03-17 14:22:54,4.5,1050,35
853,MU5420,,17:15:00,19:50:00,2021-03-19 14:40:12,5.4,1260,33
860,MU5420,,17:15:00,19:50:00,2021-03-20 14:20:46,5.4,1260,32
892,MU5420,,17:15:00,19:50:00,2021-03-21 14:43:57,5.4,1260,31
935,MU5420,,17:15:00,19:50:00,2021-03-22 14:12:21,5.4,1260,30
963,MU5420,,17:15:00,19:50:00,2021-03-23 14:37:13,5.6,1307,29
989,MU5420,,17:15:00,19:50:00,2021-03-24 14:45:38,5.3,1240,28
1020,MU5420,,17:15:00,19:50:00,2021-03-25 13:56:23,5.6,1307,27
1061,MU5420,,17:15:00,19:50:00,2021-03-26 14:41:35,5.8,1347,26
1088,MU5420,,17:15:00,19:50:00,2021-03-28 22:53:34,5.8,1347,24
1116,MU5420,,17:15:00,19:50:00,2021-03-29 14:40:57,5.8,1347,23
1181,MU5420,,17:15:00,19:50:00,2021-03-30 14:12:45,5.8,1347,22
1201,MU5420,,17:15:00,19:50:00,2021-03-31 13:57:35,5.7,1327,21
1240,MU5420,,17:15:00,19:50:00,2021-04-01 13:45:59,5.8,1347,20
1316,MU5420,,17:15:00,19:50:00,2021-04-02 14:02:21,5.8,1347,19
1359,MU5420,,17:15:00,19:50:00,2021-04-03 14:10:37,5.6,1300,18
1370,MU5420,,17:15:00,19:50:00,2021-04-04 13:42:35,5.6,1300,17
1425,MU5420,,17:15:00,19:50:00,2021-04-05 13:58:08,5.5,1280,16
1464,MU5420,,17:15:00,19:50:00,2021-04-06 14:08:54,5.6,1300,15
1501,MU5420,,17:15:00,19:50:00,2021-04-07 13:57:15,5.1,1190,14
1577,MU5420,,17:15:00,19:50:00,2021-04-08 14:23:30,5.1,1190,13
1586,MU5420,,17:15:00,19:50:00,2021-04-09 14:07:02,5.3,1237,12
1609,MU5420,,17:15:00,19:50:00,2021-04-10 13:44:26,5.3,1237,11
1642,MU5420,,17:15:00,19:50:00,2021-04-11 13:43:21,5.3,1237,10
1718,MU5420,,17:15:00,19:50:00,2021-04-12 14:32:55,5.3,1237,9
1749,MU5420,,17:15:00,19:50:00,2021-04-13 14:19:03,5.3,1237,8
1779,MU5420,,17:15:00,19:50:00,2021-04-14 13:44:01,5.2,1217,7
1839,MU5420,,17:15:00,19:50:00,2021-04-15 13:44:22,5.6,1307,6
1889,MU5420,,17:15:00,19:50:00,2021-04-16 14:27:56,6.4,1487,5
1903,MU5420,,17:15:00,19:50:00,2021-04-17 13:39:36,6.2,1447,4
1942,MU5420,,17:15:00,19:50:00,2021-04-18 13:44:01,5.6,1307,3
1998,MU5420,,17:15:00,19:50:00,2021-04-19 13:36:06,4.7,1087,2
2010,MU5420,,17:15:00,19:50:00,2021-04-20 14:24:48,6.4,1487,1
2063,MU5420,,17:15:00,19:50:00,2021-04-21 14:25:00,7.1,1657,0
618,MU5478,,20:05:00,22:45:00,2021-03-07 14:33:24,4.9,1150,45
638,MU5478,,20:05:00,22:45:00,2021-03-08 14:27:11,5.0,1170,44
668,MU5478,,20:05:00,22:45:00,2021-03-10 14:27:58,5.0,1170,42
701,MU5478,,20:05:00,22:45:00,2021-03-11 14:30:33,5.0,1170,41
709,MU5478,,20:05:00,22:45:00,2021-03-12 14:07:17,5.0,1170,40
734,MU5478,,20:05:00,22:45:00,2021-03-13 14:19:23,5.0,1170,39
751,MU5478,,20:05:00,22:45:00,2021-03-14 14:43:43,5.0,1170,38
776,MU5478,,20:05:00,22:45:00,2021-03-15 14:34:29,4.9,1150,37
795,MU5478,,20:05:00,22:45:00,2021-03-16 14:30:53,5.0,1170,36
818,MU5478,,20:05:00,22:45:00,2021-03-17 14:22:54,5.0,1170,35
842,MU5478,,20:05:00,22:45:00,2021-03-19 14:40:12,5.0,1170,33
885,MU5478,,20:05:00,22:45:00,2021-03-20 14:20:46,5.0,1170,32
912,MU5478,,20:05:00,22:45:00,2021-03-21 14:43:57,5.0,1170,31
916,MU5478,,20:05:00,22:45:00,2021-03-22 14:12:21,5.0,1170,30
941,MU5478,,20:05:00,22:45:00,2021-03-23 14:37:13,5.0,1170,29
984,MU5478,,20:05:00,22:45:00,2021-03-24 14:45:38,4.9,1140,28
1025,MU5478,,20:05:00,22:45:00,2021-03-25 13:56:23,5.0,1170,27
1038,MU5478,,20:05:00,22:45:00,2021-03-26 14:41:35,5.2,1200,26
1079,MU5478,,20:05:00,22:45:00,2021-03-28 22:53:34,5.2,1200,24
1131,MU5478,,20:05:00,22:45:00,2021-03-29 14:40:57,5.2,1200,23
1189,MU5478,,20:05:00,22:45:00,2021-03-30 14:12:45,4.8,1120,22
1232,MU5478,,20:05:00,22:45:00,2021-03-31 13:57:35,4.7,1090,21
1279,MU5478,,20:05:00,22:45:00,2021-04-01 13:45:59,4.8,1120,20
1285,MU5478,,20:05:00,22:45:00,2021-04-02 14:02:21,4.8,1120,19
1327,MU5478,,20:05:00,22:45:00,2021-04-03 14:10:37,4.8,1120,18
1404,MU5478,,20:05:00,22:45:00,2021-04-04 13:42:35,4.8,1120,17
1439,MU5478,,20:05:00,22:45:00,2021-04-05 13:58:08,4.7,1090,16
1492,MU5478,,20:05:00,22:45:00,2021-04-06 14:08:54,4.8,1120,15
1536,MU5478,,20:05:00,22:45:00,2021-04-07 13:57:15,4.8,1120,14
1544,MU5478,,20:05:00,22:45:00,2021-04-08 14:23:30,4.8,1120,13
1604,MU5478,,20:05:00,22:45:00,2021-04-09 14:07:02,4.8,1120,12
1633,MU5478,,20:05:00,22:45:00,2021-04-10 13:44:26,4.8,1120,11
1675,MU5478,,20:05:00,22:45:00,2021-04-11 13:43:21,4.8,1120,10
1681,MU5478,,20:05:00,22:45:00,2021-04-12 14:32:55,4.8,1120,9
1735,MU5478,,20:05:00,22:45:00,2021-04-13 14:19:03,4.8,1120,8
1769,MU5478,,20:05:00,22:45:00,2021-04-14 13:44:01,4.7,1090,7
1847,MU5478,,20:05:00,22:45:00,2021-04-15 13:44:22,4.9,1150,6
1857,MU5478,,20:05:00,22:45:00,2021-04-16 14:27:56,6.1,1410,5
1912,MU5478,,20:05:00,22:45:00,2021-04-17 13:39:36,5.8,1360,4
1938,MU5478,,20:05:00,22:45:00,2021-04-18 13:44:01,6.1,1410,3
1980,MU5478,,20:05:00,22:45:00,2021-04-19 13:36:06,6.9,1610,2
2042,MU5478,,20:05:00,22:45:00,2021-04-20 14:24:48,6.9,1610,1
2076,MU5478,,20:05:00,22:45:00,2021-04-21 14:25:00,9.9,2310,0
615,MU5642,,20:00:00,22:35:00,2021-03-07 14:33:24,4.9,1150,45
645,MU5642,,20:00:00,22:35:00,2021-03-08 14:27:11,5.0,1170,44
847,MU8366,FM9550,21:15:00,23:45:00,2021-03-19 14:40:12,4.5,1050,33
882,MU8366,FM9550,21:15:00,23:45:00,2021-03-20 14:20:46,4.5,1050,32
908,MU8366,FM9550,21:15:00,23:45:00,2021-03-21 14:43:57,4.5,1050,31
919,MU8366,FM9550,21:15:00,23:45:00,2021-03-22 14:12:21,4.5,1050,30
945,MU8366,FM9550,21:15:00,23:45:00,2021-03-23 14:37:13,4.5,1050,29
995,MU8366,FM9550,21:15:00,23:45:00,2021-03-24 14:45:38,4.5,1050,28
1006,MU8366,FM9550,21:15:00,23:45:00,2021-03-25 13:56:23,4.5,1050,27
1031,MU8366,FM9550,21:15:00,23:45:00,2021-03-26 14:41:35,4.7,1100,26
1072,MU8366,FM9550,21:15:00,23:45:00,2021-03-28 22:53:34,4.7,1100,24
1138,MU8366,FM9550,21:15:00,23:45:00,2021-03-29 14:40:57,4.7,1100,23
1157,MU8366,FM9550,21:15:00,23:45:00,2021-03-30 14:12:45,4.7,1100,22
1225,MU8366,FM9550,21:15:00,23:45:00,2021-03-31 13:57:35,4.7,1100,21
1265,MU8366,FM9550,21:15:00,23:45:00,2021-04-01 13:45:59,4.7,1100,20
1280,MU8366,FM9550,21:15:00,23:45:00,2021-04-02 14:02:21,4.7,1100,19
1334,MU8366,FM9550,21:15:00,23:45:00,2021-04-03 14:10:37,4.7,1100,18
1397,MU8366,FM9550,21:15:00,23:45:00,2021-04-04 13:42:35,4.7,1100,17
1409,MU8366,FM9550,21:15:00,23:45:00,2021-04-05 13:58:08,4.7,1100,16
1473,MU8366,FM9550,21:15:00,23:45:00,2021-04-06 14:08:54,4.7,1100,15
1529,MU8366,FM9550,21:15:00,23:45:00,2021-04-07 13:57:15,4.7,1100,14
1551,MU8366,FM9550,21:15:00,23:45:00,2021-04-08 14:23:30,4.7,1100,13
1601,MU8366,FM9550,21:15:00,23:45:00,2021-04-09 14:07:02,4.7,1100,12
1629,MU8366,FM9550,21:15:00,23:45:00,2021-04-10 13:44:26,4.7,1100,11
1668,MU8366,FM9550,21:15:00,23:45:00,2021-04-11 13:43:21,4.7,1100,10
1692,MU8366,FM9550,21:15:00,23:45:00,2021-04-12 14:32:55,4.7,1100,9
1728,MU8366,FM9550,21:15:00,23:45:00,2021-04-13 14:19:03,4.7,1100,8
1799,MU8366,FM9550,21:15:00,23:45:00,2021-04-14 13:44:01,4.7,1100,7
1817,MU8366,FM9550,21:15:00,23:45:00,2021-04-15 13:44:22,4.3,1000,6
1864,MU8366,FM9550,21:15:00,23:45:00,2021-04-16 14:27:56,6.2,1440,5
1919,MU8366,FM9550,21:15:00,23:45:00,2021-04-17 13:39:36,6.2,1440,4
1956,MU8366,FM9550,21:15:00,23:45:00,2021-04-18 13:44:01,5.6,1300,3
1979,MU8366,FM9550,21:15:00,23:45:00,2021-04-19 13:36:06,5.6,1300,2
2022,MU8366,FM9550,21:15:00,23:45:00,2021-04-20 14:24:48,6.2,1440,1
2068,MU8366,FM9550,21:15:00,23:45:00,2021-04-21 14:25:00,10.0,2330,0
857,MU8403,FM9542,18:50:00,21:50:00,2021-03-19 14:40:12,5.0,1170,33
862,MU8403,FM9542,18:50:00,21:50:00,2021-03-20 14:20:46,5.0,1170,32
888,MU8403,FM9542,18:50:00,21:50:00,2021-03-21 14:43:57,5.0,1170,31
914,MU8403,FM9542,18:50:00,21:50:00,2021-03-22 14:12:21,5.0,1170,30
960,MU8403,FM9542,18:50:00,21:50:00,2021-03-23 14:37:13,5.2,1213,29
993,MU8403,FM9542,18:50:00,21:50:00,2021-03-24 14:45:38,5.0,1170,28
1022,MU8403,FM9542,18:50:00,21:50:00,2021-03-25 13:56:23,5.2,1213,27
1065,MU8403,FM9542,18:50:00,21:50:00,2021-03-26 14:41:35,5.3,1243,26
1084,MU8403,FM9542,18:50:00,21:50:00,2021-03-28 22:53:34,5.3,1243,24
1113,MU8403,FM9542,18:50:00,21:50:00,2021-03-29 14:40:57,5.3,1243,23
1185,MU8403,FM9542,18:50:00,21:50:00,2021-03-30 14:12:45,5.3,1243,22
1197,MU8403,FM9542,18:50:00,21:50:00,2021-03-31 13:57:35,5.3,1243,21
1273,MU8403,FM9542,18:50:00,21:50:00,2021-04-01 13:45:59,5.3,1243,20
1320,MU8403,FM9542,18:50:00,21:50:00,2021-04-02 14:02:21,5.3,1243,19
1363,MU8403,FM9542,18:50:00,21:50:00,2021-04-03 14:10:37,5.2,1200,18
1366,MU8403,FM9542,18:50:00,21:50:00,2021-04-04 13:42:35,5.2,1200,17
1447,MU8403,FM9542,18:50:00,21:50:00,2021-04-05 13:58:08,5.2,1200,16
1468,MU8403,FM9542,18:50:00,21:50:00,2021-04-06 14:08:54,5.2,1200,15
1497,MU8403,FM9542,18:50:00,21:50:00,2021-04-07 13:57:15,5.2,1200,14
1581,MU8403,FM9542,18:50:00,21:50:00,2021-04-08 14:23:30,5.2,1200,13
1584,MU8403,FM9542,18:50:00,21:50:00,2021-04-09 14:07:02,5.3,1243,12
1607,MU8403,FM9542,18:50:00,21:50:00,2021-04-10 13:44:26,5.3,1243,11
1638,MU8403,FM9542,18:50:00,21:50:00,2021-04-11 13:43:21,5.3,1243,10
1722,MU8403,FM9542,18:50:00,21:50:00,2021-04-12 14:32:55,5.3,1243,9
1745,MU8403,FM9542,18:50:00,21:50:00,2021-04-13 14:19:03,5.3,1243,8
1783,MU8403,FM9542,18:50:00,21:50:00,2021-04-14 13:44:01,5.3,1243,7
1835,MU8403,FM9542,18:50:00,21:50:00,2021-04-15 13:44:22,4.6,1083,6
1893,MU8403,FM9542,18:50:00,21:50:00,2021-04-16 14:27:56,4.6,1083,5
1895,MU8403,FM9542,18:50:00,21:50:00,2021-04-17 13:39:36,4.6,1083,4
1940,MU8403,FM9542,18:50:00,21:50:00,2021-04-18 13:44:01,5.1,1193,3
2001,MU8403,FM9542,18:50:00,21:50:00,2021-04-19 13:36:06,4.6,1083,2
2002,MU8403,FM9542,18:50:00,21:50:00,2021-04-20 14:24:48,6.4,1483,1
2049,MU8403,FM9542,18:50:00,21:50:00,2021-04-21 14:25:00,7.6,1763,0
966,SC6073,TV9881,12:40:00,15:30:00,2021-03-23 14:37:13,6.1,1432,29
979,SC6073,TV9881,12:40:00,15:30:00,2021-03-24 14:45:38,6.0,1400,28
1057,SC6073,TV9881,12:40:00,15:30:00,2021-03-26 14:41:35,6.1,1432,26
1092,SC6073,TV9881,12:40:00,15:30:00,2021-03-28 22:53:34,5.2,1202,24
1125,SC6073,TV9881,12:40:00,15:30:00,2021-03-29 14:40:57,5.2,1202,23
1177,SC6073,TV9881,12:40:00,15:30:00,2021-03-30 14:12:45,5.2,1202,22
1205,SC6073,TV9881,12:40:00,15:30:00,2021-03-31 13:57:35,5.2,1202,21
1244,SC6073,TV9881,12:40:00,15:30:00,2021-04-01 13:45:59,5.2,1202,20
1312,SC6073,TV9881,12:40:00,15:30:00,2021-04-02 14:02:21,5.2,1202,19
1354,SC6073,TV9881,12:40:00,15:30:00,2021-04-03 14:10:37,5.0,1170,18
1375,SC6073,TV9881,12:40:00,15:30:00,2021-04-04 13:42:35,5.0,1170,17
1431,SC6073,TV9881,12:40:00,15:30:00,2021-04-05 13:58:08,5.0,1170,16
1459,SC6073,TV9881,12:40:00,15:30:00,2021-04-06 14:08:54,5.0,1170,15
1506,SC6073,TV9881,12:40:00,15:30:00,2021-04-07 13:57:15,5.0,1170,14
1573,SC6073,TV9881,12:40:00,15:30:00,2021-04-08 14:23:30,5.0,1170,13
1646,SC6073,TV9881,12:40:00,15:30:00,2021-04-11 13:43:21,4.1,962,10
1714,SC6073,TV9881,12:40:00,15:30:00,2021-04-12 14:32:55,5.2,1202,9
1762,SC6073,TV9881,12:40:00,15:30:00,2021-04-13 14:19:03,5.2,1202,8
1775,SC6073,TV9881,12:40:00,15:30:00,2021-04-14 13:44:01,5.2,1202,7
1842,SC6073,TV9881,12:40:00,15:30:00,2021-04-15 13:44:22,4.1,962,6
1885,SC6073,TV9881,12:40:00,15:30:00,2021-04-16 14:27:56,5.2,1202,5
1899,SC6073,TV9881,12:40:00,15:30:00,2021-04-17 13:39:36,5.2,1202,4
1994,SC6073,TV9881,12:40:00,15:30:00,2021-04-19 13:36:06,5.2,1202,2
2006,SC6073,TV9881,12:40:00,15:30:00,2021-04-20 14:24:48,5.2,1202,1
2059,SC6073,TV9881,12:40:00,15:30:00,2021-04-21 14:25:00,5.2,1202,0
630,TV9865,,10:25:00,12:55:00,2021-03-07 14:33:24,6.0,1400,45
651,TV9865,,10:25:00,12:55:00,2021-03-08 14:27:11,6.0,1400,44
657,TV9865,,10:25:00,12:55:00,2021-03-09 14:37:55,6.0,1400,43
678,TV9865,,10:25:00,12:55:00,2021-03-10 14:27:58,6.0,1400,42
690,TV9865,,10:25:00,12:55:00,2021-03-11 14:30:33,6.0,1400,41
719,TV9865,,10:25:00,12:55:00,2021-03-12 14:07:17,6.0,1400,40
725,TV9865,,10:25:00,12:55:00,2021-03-13 14:19:23,6.0,1400,39
761,TV9865,,10:25:00,12:55:00,2021-03-14 14:43:43,6.0,1400,38
787,TV9865,,10:25:00,12:55:00,2021-03-15 14:34:29,6.0,1400,37
805,TV9865,,10:25:00,12:55:00,2021-03-16 14:30:53,6.0,1400,36
828,TV9865,,10:25:00,12:55:00,2021-03-17 14:22:54,6.0,1400,35
852,TV9865,,10:25:00,12:55:00,2021-03-19 14:40:12,6.0,1400,33
866,TV9865,,10:25:00,12:55:00,2021-03-20 14:20:46,6.0,1400,32
893,TV9865,,10:25:00,12:55:00,2021-03-21 14:43:57,6.0,1400,31
934,TV9865,,10:25:00,12:55:00,2021-03-22 14:12:21,6.0,1400,30
964,TV9865,,10:25:00,12:55:00,2021-03-23 14:37:13,6.4,1483,29
988,TV9865,,10:25:00,12:55:00,2021-03-24 14:45:38,6.0,1400,28
1019,TV9865,,10:25:00,12:55:00,2021-03-25 13:56:23,6.4,1483,27
1060,TV9865,,10:25:00,12:55:00,2021-03-26 14:41:35,6.4,1483,26
1089,TV9865,,10:25:00,12:55:00,2021-03-28 22:53:34,5.3,1227,24
1117,TV9865,,10:25:00,12:55:00,2021-03-29 14:40:57,5.3,1227,23
1180,TV9865,,10:25:00,12:55:00,2021-03-30 14:12:45,5.3,1227,22
1202,TV9865,,10:25:00,12:55:00,2021-03-31 13:57:35,4.3,992,21
1241,TV9865,,10:25:00,12:55:00,2021-04-01 13:45:59,4.3,992,20
1315,TV9865,,10:25:00,12:55:00,2021-04-02 14:02:21,4.3,1013,19
1358,TV9865,,10:25:00,12:55:00,2021-04-03 14:10:37,4.0,930,18
1371,TV9865,,10:25:00,12:55:00,2021-04-04 13:42:35,3.9,909,17
1427,TV9865,,10:25:00,12:55:00,2021-04-05 13:58:08,4.0,930,16
1463,TV9865,,10:25:00,12:55:00,2021-04-06 14:08:54,4.0,930,15
1502,TV9865,,10:25:00,12:55:00,2021-04-07 13:57:15,4.4,1027,14
1576,TV9865,,10:25:00,12:55:00,2021-04-08 14:23:30,4.5,1050,13
1587,TV9865,,10:25:00,12:55:00,2021-04-09 14:07:02,4.9,1133,12
1610,TV9865,,10:25:00,12:55:00,2021-04-10 13:44:26,4.9,1133,11
1643,TV9865,,10:25:00,12:55:00,2021-04-11 13:43:21,4.0,923,10
1717,TV9865,,10:25:00,12:55:00,2021-04-12 14:32:55,3.9,904,9
1765,TV9865,,10:25:00,12:55:00,2021-04-13 14:19:03,4.9,1133,8
1778,TV9865,,10:25:00,12:55:00,2021-04-14 13:44:01,4.9,1133,7
1840,TV9865,,10:25:00,12:55:00,2021-04-15 13:44:22,5.8,1363,6
1888,TV9865,,10:25:00,12:55:00,2021-04-16 14:27:56,5.8,1363,5
1902,TV9865,,10:25:00,12:55:00,2021-04-17 13:39:36,5.8,1363,4
1943,TV9865,,10:25:00,12:55:00,2021-04-18 13:44:01,5.8,1363,3
1997,TV9865,,10:25:00,12:55:00,2021-04-19 13:36:06,5.8,1363,2
2009,TV9865,,10:25:00,12:55:00,2021-04-20 14:24:48,4.9,1133,1
2062,TV9865,,10:25:00,12:55:00,2021-04-21 14:25:00,6.8,1593,0
623,TV9881,,12:40:00,15:30:00,2021-03-07 14:33:24,6.0,1400,45
647,TV9881,,12:40:00,15:30:00,2021-03-08 14:27:11,6.0,1400,44
662,TV9881,,12:40:00,15:30:00,2021-03-09 14:37:55,6.0,1400,43
673,TV9881,,12:40:00,15:30:00,2021-03-10 14:27:58,6.0,1400,42
695,TV9881,,12:40:00,15:30:00,2021-03-11 14:30:33,6.0,1400,41
715,TV9881,,12:40:00,15:30:00,2021-03-12 14:07:17,6.0,1400,40
741,TV9881,,12:40:00,15:30:00,2021-03-13 14:19:23,6.0,1400,39
747,TV9881,,12:40:00,15:30:00,2021-03-14 14:43:43,6.0,1400,38
782,TV9881,,12:40:00,15:30:00,2021-03-15 14:34:29,6.0,1400,37
791,TV9881,,12:40:00,15:30:00,2021-03-16 14:30:53,6.0,1400,36
824,TV9881,,12:40:00,15:30:00,2021-03-17 14:22:54,6.0,1400,35
845,TV9881,,12:40:00,15:30:00,2021-03-19 14:40:12,6.0,1400,33
883,TV9881,,12:40:00,15:30:00,2021-03-20 14:20:46,6.0,1400,32
909,TV9881,,12:40:00,15:30:00,2021-03-21 14:43:57,6.0,1400,31
918,TV9881,,12:40:00,15:30:00,2021-03-22 14:12:21,6.0,1400,30
944,TV9881,,12:40:00,15:30:00,2021-03-23 14:37:13,6.0,1400,29
981,TV9881,,12:40:00,15:30:00,2021-03-24 14:45:38,6.0,1400,28
1027,TV9881,,12:40:00,15:30:00,2021-03-25 13:56:23,6.0,1400,27
1032,TV9881,,12:40:00,15:30:00,2021-03-26 14:41:35,6.0,1400,26
1073,TV9881,,12:40:00,15:30:00,2021-03-28 22:53:34,4.9,1144,24
1137,TV9881,,12:40:00,15:30:00,2021-03-29 14:40:57,4.9,1144,23
1195,TV9881,,12:40:00,15:30:00,2021-03-30 14:12:45,4.9,1144,22
1226,TV9881,,12:40:00,15:30:00,2021-03-31 13:57:35,4.9,1144,21
1266,TV9881,,12:40:00,15:30:00,2021-04-01 13:45:59,4.9,1144,20
1291,TV9881,,12:40:00,15:30:00,2021-04-02 14:02:21,5.0,1170,19
1333,TV9881,,12:40:00,15:30:00,2021-04-03 14:10:37,5.0,1170,18
1398,TV9881,,12:40:00,15:30:00,2021-04-04 13:42:35,4.4,1027,17
1408,TV9881,,12:40:00,15:30:00,2021-04-05 13:58:08,4.5,1050,16
1472,TV9881,,12:40:00,15:30:00,2021-04-06 14:08:54,4.5,1050,15
1530,TV9881,,12:40:00,15:30:00,2021-04-07 13:57:15,4.4,1027,14
1550,TV9881,,12:40:00,15:30:00,2021-04-08 14:23:30,4.5,1050,13
1602,TV9881,,12:40:00,15:30:00,2021-04-09 14:07:02,5.0,1170,12
1630,TV9881,,12:40:00,15:30:00,2021-04-10 13:44:26,4.5,1050,11
1669,TV9881,,12:40:00,15:30:00,2021-04-11 13:43:21,3.6,840,10
1686,TV9881,,12:40:00,15:30:00,2021-04-12 14:32:55,4.4,1027,9
1729,TV9881,,12:40:00,15:30:00,2021-04-13 14:19:03,4.5,1050,8
1798,TV9881,,12:40:00,15:30:00,2021-04-14 13:44:01,4.5,1050,7
1816,TV9881,,12:40:00,15:30:00,2021-04-15 13:44:22,3.6,840,6
1863,TV9881,,12:40:00,15:30:00,2021-04-16 14:27:56,4.5,1050,5
1918,TV9881,,12:40:00,15:30:00,2021-04-17 13:39:36,4.5,1050,4
1957,TV9881,,12:40:00,15:30:00,2021-04-18 13:44:01,4.5,1050,3
1959,TV9881,,12:40:00,15:30:00,2021-04-19 13:36:06,4.5,1050,2
2021,TV9881,,12:40:00,15:30:00,2021-04-20 14:24:48,4.5,1050,1
2069,TV9881,,12:40:00,15:30:00,2021-04-21 14:25:00,4.5,1050,0
942,ZH3907,TV9865,10:25:00,12:55:00,2021-03-23 14:37:13,6.0,1400,29
983,ZH3907,TV9865,10:25:00,12:55:00,2021-03-24 14:45:38,6.0,1400,28
1037,ZH3907,TV9865,10:25:00,12:55:00,2021-03-26 14:41:35,6.0,1400,26
1078,ZH3907,TV9865,10:25:00,12:55:00,2021-03-28 22:53:34,5.0,1170,24
1132,ZH3907,TV9865,10:25:00,12:55:00,2021-03-29 14:40:57,5.0,1170,23
1190,ZH3907,TV9865,10:25:00,12:55:00,2021-03-30 14:12:45,5.0,1170,22
1231,ZH3907,TV9865,10:25:00,12:55:00,2021-03-31 13:57:35,5.0,1170,21
1271,ZH3907,TV9865,10:25:00,12:55:00,2021-04-01 13:45:59,5.0,1170,20
1286,ZH3907,TV9865,10:25:00,12:55:00,2021-04-02 14:02:21,5.0,1170,19
1328,ZH3907,TV9865,10:25:00,12:55:00,2021-04-03 14:10:37,5.0,1170,18
1403,ZH3907,TV9865,10:25:00,12:55:00,2021-04-04 13:42:35,5.0,1170,17
1440,ZH3907,TV9865,10:25:00,12:55:00,2021-04-05 13:58:08,5.0,1170,16
1491,ZH3907,TV9865,10:25:00,12:55:00,2021-04-06 14:08:54,5.0,1170,15
1535,ZH3907,TV9865,10:25:00,12:55:00,2021-04-07 13:57:15,5.0,1170,14
1545,ZH3907,TV9865,10:25:00,12:55:00,2021-04-08 14:23:30,5.0,1170,13
1674,ZH3907,TV9865,10:25:00,12:55:00,2021-04-11 13:43:21,5.0,1170,10
1680,ZH3907,TV9865,10:25:00,12:55:00,2021-04-12 14:32:55,5.0,1170,9
1734,ZH3907,TV9865,10:25:00,12:55:00,2021-04-13 14:19:03,5.0,1170,8
1793,ZH3907,TV9865,10:25:00,12:55:00,2021-04-14 13:44:01,5.0,1170,7
1811,ZH3907,TV9865,10:25:00,12:55:00,2021-04-15 13:44:22,6.0,1400,6
1858,ZH3907,TV9865,10:25:00,12:55:00,2021-04-16 14:27:56,6.0,1400,5
1913,ZH3907,TV9865,10:25:00,12:55:00,2021-04-17 13:39:36,6.0,1400,4
1989,ZH3907,TV9865,10:25:00,12:55:00,2021-04-19 13:36:06,6.0,1400,2
2016,ZH3907,TV9865,10:25:00,12:55:00,2021-04-20 14:24:48,5.0,1170,1
2075,ZH3907,TV9865,10:25:00,12:55:00,2021-04-21 14:25:00,7.0,1630,0
956,ZH3921,TV9881,12:40:00,15:30:00,2021-03-23 14:37:13,6.0,1400,29
1004,ZH3921,TV9881,12:40:00,15:30:00,2021-03-24 14:45:38,6.0,1400,28
1045,ZH3921,TV9881,12:40:00,15:30:00,2021-03-26 14:41:35,6.0,1400,26
1104,ZH3921,TV9881,12:40:00,15:30:00,2021-03-28 22:53:34,5.0,1170,24
1147,ZH3921,TV9881,12:40:00,15:30:00,2021-03-29 14:40:57,5.0,1170,23
1166,ZH3921,TV9881,12:40:00,15:30:00,2021-03-30 14:12:45,5.0,1170,22
1217,ZH3921,TV9881,12:40:00,15:30:00,2021-03-31 13:57:35,5.0,1170,21
1256,ZH3921,TV9881,12:40:00,15:30:00,2021-04-01 13:45:59,5.0,1170,20
1300,ZH3921,TV9881,12:40:00,15:30:00,2021-04-02 14:02:21,5.0,1170,19
1342,ZH3921,TV9881,12:40:00,15:30:00,2021-04-03 14:10:37,5.0,1170,18
1388,ZH3921,TV9881,12:40:00,15:30:00,2021-04-04 13:42:35,5.0,1170,17
1418,ZH3921,TV9881,12:40:00,15:30:00,2021-04-05 13:58:08,5.0,1170,16
1482,ZH3921,TV9881,12:40:00,15:30:00,2021-04-06 14:08:54,5.0,1170,15
1520,ZH3921,TV9881,12:40:00,15:30:00,2021-04-07 13:57:15,5.0,1170,14
1560,ZH3921,TV9881,12:40:00,15:30:00,2021-04-08 14:23:30,5.0,1170,13
1659,ZH3921,TV9881,12:40:00,15:30:00,2021-04-11 13:43:21,5.0,1170,10
1701,ZH3921,TV9881,12:40:00,15:30:00,2021-04-12 14:32:55,5.0,1170,9
1740,ZH3921,TV9881,12:40:00,15:30:00,2021-04-13 14:19:03,5.0,1170,8
1808,ZH3921,TV9881,12:40:00,15:30:00,2021-04-14 13:44:01,5.0,1170,7
1826,ZH3921,TV9881,12:40:00,15:30:00,2021-04-15 13:44:22,5.0,1170,6
1873,ZH3921,TV9881,12:40:00,15:30:00,2021-04-16 14:27:56,5.0,1170,5
1928,ZH3921,TV9881,12:40:00,15:30:00,2021-04-17 13:39:36,5.0,1170,4
1970,ZH3921,TV9881,12:40:00,15:30:00,2021-04-19 13:36:06,5.0,1170,2
2031,ZH3921,TV9881,12:40:00,15:30:00,2021-04-20 14:24:48,5.0,1170,1
2082,ZH3921,TV9881,12:40:00,15:30:00,2021-04-21 14:25:00,5.0,1170,0
864,ZH4501,CA4501,16:30:00,19:30:00,2021-03-20 14:20:46,5.2,1210,32
890,ZH4501,CA4501,16:30:00,19:30:00,2021-03-21 14:43:57,5.2,1210,31
937,ZH4501,CA4501,16:30:00,19:30:00,2021-03-23 14:37:13,5.3,1240,29
991,ZH4501,CA4501,16:30:00,19:30:00,2021-03-24 14:45:38,5.2,1210,28
1063,ZH4501,CA4501,16:30:00,19:30:00,2021-03-26 14:41:35,5.3,1240,26
1086,ZH4501,CA4501,16:30:00,19:30:00,2021-03-28 22:53:34,5.3,1240,24
1115,ZH4501,CA4501,16:30:00,19:30:00,2021-03-29 14:40:57,5.3,1240,23
1183,ZH4501,CA4501,16:30:00,19:30:00,2021-03-30 14:12:45,5.2,1200,22
1199,ZH4501,CA4501,16:30:00,19:30:00,2021-03-31 13:57:35,5.2,1200,21
1238,ZH4501,CA4501,16:30:00,19:30:00,2021-04-01 13:45:59,5.2,1200,20
1318,ZH4501,CA4501,16:30:00,19:30:00,2021-04-02 14:02:21,5.2,1200,19
1361,ZH4501,CA4501,16:30:00,19:30:00,2021-04-03 14:10:37,5.1,1190,18
1368,ZH4501,CA4501,16:30:00,19:30:00,2021-04-04 13:42:35,5.1,1190,17
1449,ZH4501,CA4501,16:30:00,19:30:00,2021-04-05 13:58:08,5.1,1190,16
1466,ZH4501,CA4501,16:30:00,19:30:00,2021-04-06 14:08:54,5.1,1190,15
1499,ZH4501,CA4501,16:30:00,19:30:00,2021-04-07 13:57:15,5.1,1190,14
1579,ZH4501,CA4501,16:30:00,19:30:00,2021-04-08 14:23:30,5.1,1190,13
1640,ZH4501,CA4501,16:30:00,19:30:00,2021-04-11 13:43:21,5.2,1220,10
1720,ZH4501,CA4501,16:30:00,19:30:00,2021-04-12 14:32:55,5.2,1220,9
1747,ZH4501,CA4501,16:30:00,19:30:00,2021-04-13 14:19:03,4.7,1090,8
1781,ZH4501,CA4501,16:30:00,19:30:00,2021-04-14 13:44:01,5.2,1220,7
1837,ZH4501,CA4501,16:30:00,19:30:00,2021-04-15 13:44:22,4.6,1070,6
1891,ZH4501,CA4501,16:30:00,19:30:00,2021-04-16 14:27:56,5.5,1290,5
1905,ZH4501,CA4501,16:30:00,19:30:00,2021-04-17 13:39:36,4.6,1070,4
2000,ZH4501,CA4501,16:30:00,19:30:00,2021-04-19 13:36:06,4.6,1070,2
2012,ZH4501,CA4501,16:30:00,19:30:00,2021-04-20 14:24:48,6.3,1470,1
2047,ZH4501,CA4501,16:30:00,19:30:00,2021-04-21 14:25:00,7.0,1640,0
865,ZH4515,CA4515,08:05:00,10:45:00,2021-03-20 14:20:46,3.9,900,32
891,ZH4515,CA4515,08:05:00,10:45:00,2021-03-21 14:43:57,3.9,900,31
962,ZH4515,CA4515,08:05:00,10:45:00,2021-03-23 14:37:13,4.0,933,29
990,ZH4515,CA4515,08:05:00,10:45:00,2021-03-24 14:45:38,3.9,900,28
1062,ZH4515,CA4515,08:05:00,10:45:00,2021-03-26 14:41:35,4.0,933,26
1087,ZH4515,CA4515,08:05:00,10:45:00,2021-03-28 22:53:34,4.0,933,24
1119,ZH4515,CA4515,08:05:00,10:45:00,2021-03-29 14:40:57,4.0,933,23
1182,ZH4515,CA4515,08:05:00,10:45:00,2021-03-30 14:12:45,3.8,893,22
1200,ZH4515,CA4515,08:05:00,10:45:00,2021-03-31 13:57:35,3.8,893,21
1239,ZH4515,CA4515,08:05:00,10:45:00,2021-04-01 13:45:59,3.8,893,20
1317,ZH4515,CA4515,08:05:00,10:45:00,2021-04-02 14:02:21,3.8,893,19
1360,ZH4515,CA4515,08:05:00,10:45:00,2021-04-03 14:10:37,3.7,860,18
1369,ZH4515,CA4515,08:05:00,10:45:00,2021-04-04 13:42:35,4.5,1050,17
1450,ZH4515,CA4515,08:05:00,10:45:00,2021-04-05 13:58:08,4.5,1050,16
1465,ZH4515,CA4515,08:05:00,10:45:00,2021-04-06 14:08:54,4.8,1120,15
1500,ZH4515,CA4515,08:05:00,10:45:00,2021-04-07 13:57:15,4.8,1120,14
1578,ZH4515,CA4515,08:05:00,10:45:00,2021-04-08 14:23:30,4.8,1120,13
1641,ZH4515,CA4515,08:05:00,10:45:00,2021-04-11 13:43:21,4.9,1153,10
1719,ZH4515,CA4515,08:05:00,10:45:00,2021-04-12 14:32:55,4.9,1153,9
1748,ZH4515,CA4515,08:05:00,10:45:00,2021-04-13 14:19:03,4.7,1093,8
1780,ZH4515,CA4515,08:05:00,10:45:00,2021-04-14 13:44:01,4.7,1093,7
1838,ZH4515,CA4515,08:05:00,10:45:00,2021-04-15 13:44:22,4.6,1073,6
1890,ZH4515,CA4515,08:05:00,10:45:00,2021-04-16 14:27:56,4.6,1073,5
1904,ZH4515,CA4515,08:05:00,10:45:00,2021-04-17 13:39:36,4.6,1073,4
1999,ZH4515,CA4515,08:05:00,10:45:00,2021-04-19 13:36:06,4.6,1073,2
2011,ZH4515,CA4515,08:05:00,10:45:00,2021-04-20 14:24:48,6.3,1473,1
2045,ZH4515,CA4515,08:05:00,10:45:00,2021-04-21 14:25:00,6.3,1473,0
1036,ZH5010,HO1058,05:55:00,08:40:00,2021-03-26 14:41:35,5.1,1080,26
1077,ZH5010,HO1058,05:55:00,08:40:00,2021-03-28 22:53:34,5.1,1080,24
1133,ZH5010,HO1058,05:55:00,08:40:00,2021-03-29 14:40:57,5.1,1080,23
1191,ZH5010,HO1058,05:55:00,08:40:00,2021-03-30 14:12:45,5.1,1080,22
1230,ZH5010,HO1058,05:55:00,08:40:00,2021-03-31 13:57:35,5.1,1080,21
1270,ZH5010,HO1058,05:55:00,08:40:00,2021-04-01 13:45:59,5.1,1080,20
1287,ZH5010,HO1058,05:55:00,08:40:00,2021-04-02 14:02:21,5.1,1080,19
1329,ZH5010,HO1058,05:55:00,08:40:00,2021-04-03 14:10:37,5.1,1080,18
1402,ZH5010,HO1058,05:55:00,08:40:00,2021-04-04 13:42:35,5.1,1080,17
1441,ZH5010,HO1058,05:55:00,08:40:00,2021-04-05 13:58:08,5.1,1080,16
1490,ZH5010,HO1058,05:55:00,08:40:00,2021-04-06 14:08:54,5.1,1080,15
1534,ZH5010,HO1058,05:55:00,08:40:00,2021-04-07 13:57:15,5.1,1080,14
1546,ZH5010,HO1058,05:55:00,08:40:00,2021-04-08 14:23:30,5.1,1080,13
1673,ZH5010,HO1058,05:55:00,08:40:00,2021-04-11 13:43:21,5.1,1080,10
1690,ZH5010,HO1058,05:55:00,08:40:00,2021-04-12 14:32:55,5.1,1080,9
1733,ZH5010,HO1058,05:55:00,08:40:00,2021-04-13 14:19:03,5.1,1080,8
1794,ZH5010,HO1058,05:55:00,08:40:00,2021-04-14 13:44:01,4.1,870,7
1812,ZH5010,HO1058,05:55:00,08:40:00,2021-04-15 13:44:22,4.1,870,6
1859,ZH5010,HO1058,05:55:00,08:40:00,2021-04-16 14:27:56,4.1,870,5
1914,ZH5010,HO1058,05:55:00,08:40:00,2021-04-17 13:39:36,4.1,870,4
1988,ZH5010,HO1058,05:55:00,08:40:00,2021-04-19 13:36:06,5.1,1080,2
2017,ZH5010,HO1058,05:55:00,08:40:00,2021-04-20 14:24:48,4.1,870,1
2074,ZH5010,HO1058,05:55:00,08:40:00,2021-04-21 14:25:00,4.6,980,0
1035,ZH5020,HO1098,14:55:00,17:40:00,2021-03-26 14:41:35,5.1,1080,26
1076,ZH5020,HO1098,14:55:00,17:40:00,2021-03-28 22:53:34,5.1,1080,24
1134,ZH5020,HO1098,14:55:00,17:40:00,2021-03-29 14:40:57,5.1,1080,23
1192,ZH5020,HO1098,14:55:00,17:40:00,2021-03-30 14:12:45,5.1,1080,22
1229,ZH5020,HO1098,14:55:00,17:40:00,2021-03-31 13:57:35,5.1,1080,21
1269,ZH5020,HO1098,14:55:00,17:40:00,2021-04-01 13:45:59,5.1,1080,20
1288,ZH5020,HO1098,14:55:00,17:40:00,2021-04-02 14:02:21,5.1,1080,19
1330,ZH5020,HO1098,14:55:00,17:40:00,2021-04-03 14:10:37,5.1,1080,18
1401,ZH5020,HO1098,14:55:00,17:40:00,2021-04-04 13:42:35,5.1,1080,17
1442,ZH5020,HO1098,14:55:00,17:40:00,2021-04-05 13:58:08,5.1,1080,16
1489,ZH5020,HO1098,14:55:00,17:40:00,2021-04-06 14:08:54,5.1,1080,15
1533,ZH5020,HO1098,14:55:00,17:40:00,2021-04-07 13:57:15,5.1,1080,14
1547,ZH5020,HO1098,14:55:00,17:40:00,2021-04-08 14:23:30,5.1,1080,13
1672,ZH5020,HO1098,14:55:00,17:40:00,2021-04-11 13:43:21,7.1,1510,10
1689,ZH5020,HO1098,14:55:00,17:40:00,2021-04-12 14:32:55,7.1,1510,9
1732,ZH5020,HO1098,14:55:00,17:40:00,2021-04-13 14:19:03,7.1,1510,8
1795,ZH5020,HO1098,14:55:00,17:40:00,2021-04-14 13:44:01,7.1,1510,7
1813,ZH5020,HO1098,14:55:00,17:40:00,2021-04-15 13:44:22,7.1,1510,6
1860,ZH5020,HO1098,14:55:00,17:40:00,2021-04-16 14:27:56,7.1,1510,5
1915,ZH5020,HO1098,14:55:00,17:40:00,2021-04-17 13:39:36,7.1,1510,4
1987,ZH5020,HO1098,14:55:00,17:40:00,2021-04-19 13:36:06,7.1,1510,2
2018,ZH5020,HO1098,14:55:00,17:40:00,2021-04-20 14:24:48,5.1,1080,1
2073,ZH5020,HO1098,14:55:00,17:40:00,2021-04-21 14:25:00,6.1,1290,0
1052,ZH5026,HO1120,12:15:00,14:55:00,2021-03-26 14:41:35,5.1,1080,26
1097,ZH5026,HO1120,12:15:00,14:55:00,2021-03-28 22:53:34,5.1,1080,24
1153,ZH5026,HO1120,12:15:00,14:55:00,2021-03-29 14:40:57,5.1,1080,23
1173,ZH5026,HO1120,12:15:00,14:55:00,2021-03-30 14:12:45,5.1,1080,22
1210,ZH5026,HO1120,12:15:00,14:55:00,2021-03-31 13:57:35,5.1,1080,21
1249,ZH5026,HO1120,12:15:00,14:55:00,2021-04-01 13:45:59,5.1,1080,20
1307,ZH5026,HO1120,12:15:00,14:55:00,2021-04-02 14:02:21,5.1,1080,19
1349,ZH5026,HO1120,12:15:00,14:55:00,2021-04-03 14:10:37,5.1,1080,18
1380,ZH5026,HO1120,12:15:00,14:55:00,2021-04-04 13:42:35,5.1,1080,17
1426,ZH5026,HO1120,12:15:00,14:55:00,2021-04-05 13:58:08,5.1,1080,16
1454,ZH5026,HO1120,12:15:00,14:55:00,2021-04-06 14:08:54,5.1,1080,15
1511,ZH5026,HO1120,12:15:00,14:55:00,2021-04-07 13:57:15,5.1,1080,14
1568,ZH5026,HO1120,12:15:00,14:55:00,2021-04-08 14:23:30,5.1,1080,13
1651,ZH5026,HO1120,12:15:00,14:55:00,2021-04-11 13:43:21,5.1,1080,10
1709,ZH5026,HO1120,12:15:00,14:55:00,2021-04-12 14:32:55,5.1,1080,9
1751,ZH5026,HO1120,12:15:00,14:55:00,2021-04-13 14:19:03,5.1,1080,8
1771,ZH5026,HO1120,12:15:00,14:55:00,2021-04-14 13:44:01,5.1,1080,7
1810,ZH5026,HO1120,12:15:00,14:55:00,2021-04-15 13:44:22,6.1,1290,6
1881,ZH5026,HO1120,12:15:00,14:55:00,2021-04-16 14:27:56,6.1,1290,5
1935,ZH5026,HO1120,12:15:00,14:55:00,2021-04-17 13:39:36,6.1,1290,4
1962,ZH5026,HO1120,12:15:00,14:55:00,2021-04-19 13:36:06,5.1,1080,2
2039,ZH5026,HO1120,12:15:00,14:55:00,2021-04-20 14:24:48,5.1,1080,1
2054,ZH5026,HO1120,12:15:00,14:55:00,2021-04-21 14:25:00,6.1,1290,0
